photo.code,str.code,site,origin,nursery,frag.date,date,month,year,gira,area.cm2,num.frag,mort.,mort.parc,perd,blanq,notas,digitador
DSCN9919,106,Playa Blanca,0,arana pequena,,,5,2022,may-22,NA,NA,NA,NA,NA,NA,Etiqueta arana,Amanda
DSCN9920,106,Playa Blanca,1,arana pequena,,,5,2022,may-22,16.933,2,0,0,0,0,fragmento izquierdo en siguiente imagen,Amanda
DSCN9921,106,Playa Blanca,2,arana pequena,,,5,2022,may-22,36.063,2,0,1,0,0,fragmento izquierdo en siguiente imagen,Amanda
DSCN9922,106,Playa Blanca,3,arana pequena,,,5,2022,may-22,44.642,3,0,0,0,0,-,Amanda
DSCN9923,106,Playa Blanca,4,arana pequena,,,5,2022,may-22,37.442,2,0,0,0,0,"fragmento izquierdo en siguiente imagen, otro fragmento atrás de varilla",Amanda
DSCN9924,106,Playa Blanca,5,arana pequena,,,5,2022,may-22,25.776,2,0,0,0,0,fragmento izquierdo en siguiente imagen,Amanda
DSCN9925,106,Playa Blanca,6,arana pequena,,,5,2022,may-22,20.815,2,0,1,0,0,fragmento izquierdo en siguiente imagen,Amanda
DSCN9926,106,Playa Blanca,7,arana pequena,,,5,2022,may-22,257.700,9,0,1,0,0,-,Amanda
DSCN0533,106,Playa Blanca,,arana pequena,,,6,2022,jun-22,NA,NA,NA,NA,NA,NA,Etiqueta arana,Amanda
DSCN0534,106,Playa Blanca,,arana pequena,,,6,2022,jun-22,446.042,22,0,6,0,0,partes de la foto no enfocadas,Amanda
DSCN1129,106,Playa Blanca,,arana pequena,,,7,2022,jul-22,NA,NA,NA,NA,NA,NA,Etiqueta arana,Amanda
DSCN1130,106,Playa Blanca,,arana pequena,,,7,2022,jul-22,612.881,21,0,10,1,0,"fragmentos con mortalidad parcial muy pequeños, fragmento perdido está en el suelo marino",Amanda
DSCN1112,FamGar,Playa Blanca,,arana pequena,,,7,2022,jul-22,397.920,28,0,8,0,0,fragmentos volteados,Amanda
DSCN8157,106,Playa Blanca,,arana pequena,,,8,2022,ago-22,NA,NA,NA,NA,NA,NA,Etiqueta arana,Amanda
DSCN8158,106,Playa Blanca,,arana pequena,,,8,2022,ago-22,660.212,21,0,7,1,0,fragmento perdido está en el suelo marino; algunos fragmentos volteados,Amanda
DSCN8162,FamGar,Playa Blanca,,arana pequena,,,8,2022,ago-22,NA,NA,NA,NA,NA,NA,Etiqueta arana,Amanda
DSCN8163,FamGar,Playa Blanca,,arana pequena,,,8,2022,ago-22,326.295,29,0,11,0,0,revisar 1 blanca*; fragmentos volteados,Amanda
DSCN8159,Sin#,Playa Blanca,,arana pequena,,,8,2022,ago-22,NA,NA,NA,NA,NA,NA,Etiqueta arana,Amanda
DSCN8160,Sin#,Playa Blanca,,arana pequena,,,8,2022,ago-22,152.450,20,0,7,0,0,Algunos fragmentos están volteados y cuesta saber si tienen mortalidad parcial,Amanda
DSCN8911,106,Playa Blanca,,arana pequena,,,9,2022,set-22,NA,NA,NA,NA,NA,NA,Etiqueta arana,Amanda
DSCN8910,106,Playa Blanca,,arana pequena,,,9,2022,set-22,842.109,21,0,5,1,0,La foto no cubre por completo un fragmento,Amanda
DSCN8906,124,Playa Blanca,,arana pequena,,,9,2022,set-22,NA,NA,NA,NA,NA,NA,Etiqueta arana; arana antes llamada FamGar,Amanda
DSCN8907,124,Playa Blanca,,arana pequena,,,9,2022,set-22,387.917,29,0,8,0,0,"Fragmentos volteados, dos fragmentos cortado por la cámara",Amanda
DSCN8908,sin num 1,Playa Blanca,,arana pequena,,,9,2022,set-22,NA,NA,NA,NA,NA,NA,"Acercamiento, sin etiqueta",Amanda
DSCN8909,sin num 1,Playa Blanca,,arana pequena,,,9,2022,set-22,193.192,19,0,4,0,0,Fotografía desenfocada,Amanda
DSCN8912,sin num 2,Playa Blanca,,arana pequena,,,9,2022,set-22,NA,NA,NA,NA,NA,NA,"Acercamiento, sin etiqueta",Amanda
DSCN8913,sin num 2,Playa Blanca,,arana pequena,,,9,2022,set-22,178.440,19,0,2,0,0,"Fragmento completamente tapado por la varilla, otro cortado por la foto",Amanda
DSCN9484,106,Playa Blanca,,arana pequena,,,10,2022,oct-23,1000.005,21,0,12,1,0,Partes con mortalidad parcial muy pequeñas,Amanda
DSCN9489,106,Playa Blanca,,arana pequena,,,10,2022,oct-23,NA,NA,NA,NA,NA,NA,Mismo ángulo de la misma arana,Amanda
DSCN9485,124,Playa Blanca,,arana pequena,,,10,2022,oct-23,454.854,27,0,16,1,0,Fragmentos volteados; fragmento perdido en el suelo marino,Amanda
DSCN9483,120,Playa Blanca,,arana pequena,,,10,2022,oct-23,291.586,18,0,9,1,0,-,Amanda
DSCN9488,120,Playa Blanca,,arana pequena,,,10,2022,oct-23,NA,NA,NA,NA,NA,NA,Mismo ángulo de la misma arana,Amanda
DSCN9480,123,Playa Blanca,,arana pequena,,,10,2022,oct-23,695.506,33,0,6,0,0,Algunos fragmentos desenfocados,Amanda
DSCN9491,123,Playa Blanca,,arana pequena,,,10,2022,oct-23,NA,NA,NA,NA,NA,NA,Mismo ángulo de la misma arana,Amanda
DSCN0190,106,Playa Blanca,,arana pequena,,,11,2022,nov-23,NA,NA,NA,NA,NA,NA,Etiqueta arana,Amanda
DSCN0191,106,Playa Blanca,,arana pequena,,,11,2022,nov-23,1029.994,20,1,15,1,0,Pendiente; partes con mortalidad parcial muy pequeñas,Amanda
DSCN0196,124,Playa Blanca,,arana pequena,,,11,2022,nov-23,NA,NA,NA,NA,NA,NA,Etiqueta arana,Amanda
DSCN0197,124,Playa Blanca,,arana pequena,,,11,2022,nov-23,683.623,28,1,15,0,0,La foto no cubre por completo un fragmento,Amanda
DSCN0216,120,Playa Blanca,,arana pequena,,,11,2022,nov-23,NA,NA,NA,NA,NA,NA,Etiqueta arana,Amanda
DSCN0217,120,Playa Blanca,,arana pequena,,,11,2022,nov-23,345.003,17,0,7,3,0,-,Amanda
DSCN0188,123,Playa Blanca,,arana pequena,,,11,2022,nov-23,NA,NA,NA,NA,NA,NA,Etiqueta arana,Amanda
DSCN0189,123,Playa Blanca,,arana pequena,,,11,2022,nov-23,602.347,31,0,19,0,0,-,Amanda
DSCN0361,106,Playa Blanca,,arana pequena,,,12,2022,dic-23,NA,NA,NA,NA,NA,NA,Etiqueta arana,Amanda
DSCN0362,106,Playa Blanca,,arana pequena,,,12,2022,dic-23,1141.527,20,0,9,1,0,-,Amanda
DSCN0373,124,Playa Blanca,,arana pequena,,,12,2022,dic-23,NA,NA,NA,NA,NA,NA,Etiqueta arana,Amanda
DSCN0374,124,Playa Blanca,,arana pequena,,,12,2022,dic-23,886.547,30,0,9,2,0,Algunos fragmentos están volteados,Amanda
DSCN0395,120,Playa Blanca,,arana pequena,,,12,2022,dic-23,NA,NA,NA,NA,NA,NA,Etiqueta arana,Amanda
DSCN0396,120,Playa Blanca,,arana pequena,,,12,2022,dic-23,464.789,18,0,7,1,1,Un fragmento volteado,Amanda
DSCN0359,123,Playa Blanca,,arana pequena,,,12,2022,dic-23,NA,NA,NA,NA,NA,NA,Etiqueta arana,Amanda
DSCN0360,123,Playa Blanca,,arana pequena,,,12,2022,dic-23,795.632,31,0,24,0,0,-,Amanda
DSCN1246,106,Playa Blanca,,arana pequena,,,1,2023,ene-23,1075.328,19,0,8,0,0,Hay fragmentos que se pudieron haber caido de la aran en el suelo marino,Amanda
DSCN1245,124,Playa Blanca,,arana pequena,,,1,2023,ene-23,982.642,29,0,12,1,0,Poca visibilidad en ciertos fragmentos; algunos enterrados en el suelo marino,Amanda
DSCN1238,120,Playa Blanca,,arana pequena,,,1,2023,ene-23,552.035,17,0,8,1,0,"Un fragmento con mortalidad total parece ser parte de esta arana, al igual que de la que está a la par",Amanda
DSCN1247,123,Playa Blanca,,arana pequena,,,1,2023,ene-23,385.963,24,0,14,0,0,"La parte inferior está  cubierta por arena, por lo que no se tiene el conteo total, ni el dato exacto de mortalidad o pérdida.",Amanda
DSCN1267,59,Playa Blanca,,arana pequena,,,1,2023,ene-23,59.511,14,0,8,4,0,Fragmentos muy pequeños y bastante dañados,Amanda
DSCN1264,82,Playa Blanca,,arana pequena,,,1,2023,ene-23,96.348,21,0,10,0,0,Fotografía cortada en medio de un fragmento,Amanda
DSCN1269,99,Playa Blanca,,arana pequena,,,1,2023,ene-23,179.520,24,0,15,3,0,"Pequeños fragmentos, mucha mortalidad parcial",Amanda
DSCN1266,115,Playa Blanca,,arana pequena,,,1,2023,ene-23,60.472,19,0,12,1,0,Fragmentos muy pequeños,Amanda
DSCN1270,146,Playa Blanca,,arana pequena,,,1,2023,ene-23,221.184,30,0,25,1,0,Gran índice de mortalidad parcial,Amanda
DSCN1265,147,Playa Blanca,,arana pequena,,,1,2023,ene-23,108.158,20,0,11,1,0,Fragmentos pequeños,Amanda
DSCN1268,155,Playa Blanca,,arana pequena,,,1,2023,ene-23,123.120,23,1,12,1,0,Fragmentos pequeños,Amanda
DSCN2027,59,Playa Blanca,,arana pequena,,,2,2023,feb-23,NA,NA,NA,NA,NA,NA,Etiqueta arana,Amanda
DSCN2028,59,Playa Blanca,,arana pequena,,,2,2023,feb-23,124.516,12,0,10,0,0,"Pocos fragmentos, fotografía desenfocada",Amanda
DSCN2031,82,Playa Blanca,,arana pequena,,,2,2023,feb-23,NA,NA,NA,NA,NA,NA,Etiqueta arana,Amanda
DSCN2032,82,Playa Blanca,,arana pequena,,,2,2023,feb-23,156.464,21,0,14,0,0,Fragmentos pequeños,Amanda
DSCN2019,99,Playa Blanca,,arana pequena,,,2,2023,feb-23,NA,NA,NA,NA,NA,NA,Etiqueta arana,Amanda
DSCN2020,99,Playa Blanca,,arana pequena,,,2,2023,feb-23,266.864,25,0,19,0,0,Fotografía un poco oscura,Amanda
DSCN2025,115,Playa Blanca,,arana pequena,,,2,2023,feb-23,NA,NA,NA,NA,NA,NA,Etiqueta arana,Amanda
DSCN2026,115,Playa Blanca,,arana pequena,,,2,2023,feb-23,80.626,17,0,15,1,0,Gran nivel de mortalidad parcial,Amanda
DSCN2023,146,Playa Blanca,,arana pequena,,,2,2023,feb-23,NA,NA,NA,NA,NA,NA,Etiqueta arana,Amanda
DSCN2024,146,Playa Blanca,,arana pequena,,,2,2023,feb-23,254.836,28,0,23,1,0,Gran nivel de mortalidad parcial,Amanda
DSCN2029,147,Playa Blanca,,arana pequena,,,2,2023,feb-23,NA,NA,NA,NA,NA,NA,Etiqueta arana,Amanda
DSCN2030,147,Playa Blanca,,arana pequena,,,2,2023,feb-23,144.315,20,0,16,0,0,Buen desarrollo,Amanda
DSCN2021,155,Playa Blanca,,arana pequena,,,2,2023,feb-23,NA,NA,NA,NA,NA,NA,Etiqueta arana,Amanda
DSCN2022,155,Playa Blanca,,arana pequena,,,2,2023,feb-23,169.341,24,0,19,1,0,Gran nivel de mortalidad parcial,Amanda
DSCN2753,59,Playa Blanca,,arana pequena,,,3,2023,mar-23,279.667,16,0,11,1,0,Fragmentos de mayor tamaño,Amanda
DSCN2750,82,Playa Blanca,,arana pequena,,,3,2023,mar-23,81.626,21,0,18,1,0,Fragmentos pequeños,Amanda
DSCN2756,99,Playa Blanca,,arana pequena,,,3,2023,mar-23,372.049,23,0,7,2,0,Fragmentos perdidos en el lecho marino,Amanda
DSCN2752,115,Playa Blanca,,arana pequena,,,3,2023,mar-23,305.732,21,1,11,0,0,Fragmento con mortalidad cubierto de alga,Amanda
DSCN2755,146,Playa Blanca,,arana pequena,,,3,2023,mar-23,303.546,28,0,22,0,0,Gran nivel de mortalidad parcial,Amanda
DSCN2751,147,Playa Blanca,,arana pequena,,,3,2023,mar-23,207.305,20,0,19,1,0,Gran nivel de mortalidad parcial,Amanda
DSCN2754,155,Playa Blanca,,arana pequena,,,3,2023,mar-23,202.018,22,0,19,2,0,Gran nivel de mortalidad parcial,Amanda
DSCN3730,59,Playa Blanca,,arana pequena,,,4,2023,abr-23,NA,NA,NA,NA,NA,NA,Etiqueta arana,Amanda
DSCN3731,59,Playa Blanca,,arana pequena,,,4,2023,abr-23,373.972,17,0,9,0,0,Buen desarrollo,Amanda
DSCN3726,82,Playa Blanca,,arana pequena,,,4,2023,abr-23,NA,NA,NA,NA,NA,NA,Etiqueta arana,Amanda
DSCN3727,82,Playa Blanca,,arana pequena,,,4,2023,abr-23,235.074,21,0,13,2,0,Poca mortalidad,Amanda
DSCN3738,99,Playa Blanca,,arana pequena,,,4,2023,abr-23,NA,NA,NA,NA,NA,NA,Etiqueta arana,Amanda
DSCN3739,99,Playa Blanca,,arana pequena,,,4,2023,abr-23,486.373,21,0,10,3,0,Gran mortalidad en el fondo,Amanda
DSCN3732,115,Playa Blanca,,arana pequena,,,4,2023,abr-23,NA,NA,NA,NA,NA,NA,Etiqueta arana,Amanda
DSCN3733,115,Playa Blanca,,arana pequena,,,4,2023,abr-23,317.919,21,0,13,0,0,Un pez tapó parte de dos fragmentos,Amanda
DSCN3736,146,Playa Blanca,,arana pequena,,,4,2023,abr-23,NA,NA,NA,NA,NA,NA,Etiqueta arana,Amanda
DSCN3737,146,Playa Blanca,,arana pequena,,,4,2023,abr-23,536.221,28,0,16,1,0,Fragmentos cortados por la fotografía,Amanda
DSCN3728,147,Playa Blanca,,arana pequena,,,4,2023,abr-23,NA,NA,NA,NA,NA,NA,Etiqueta arana,Amanda
DSCN3729,147,Playa Blanca,,arana pequena,,,4,2023,abr-23,309.747,20,0,16,0,0,Gran nivel de mortalidad parcial,Amanda
DSCN3734,155,Playa Blanca,,arana pequena,,,4,2023,abr-23,NA,NA,NA,NA,NA,NA,Etiqueta arana,Amanda
DSCN3735,155,Playa Blanca,,arana pequena,,,4,2023,abr-23,269.458,22,0,15,2,0,Gran nivel de mortalidad parcial,Amanda
DSCN4543,59,Playa Blanca,,arana pequena,,,5,2023,may-23,NA,NA,NA,NA,NA,NA,Etiqueta arana,Amanda
DSCN4544,59,Playa Blanca,,arana pequena,,,5,2023,may-23,360.089,16,0,14,1,0,"Grandes fragmentos, gran mortalidad parcial",Amanda
DSCN4537,82,Playa Blanca,,arana pequena,,,5,2023,may-23,NA,NA,NA,NA,NA,NA,Etiqueta arana,Amanda
DSCN4538,82,Playa Blanca,,arana pequena,,,5,2023,may-23,340.464,21,1,13,1,0,Fragmentos sanos en el fondo,Amanda
DSCN4549,99,Playa Blanca,,arana pequena,,,5,2023,may-23,NA,NA,NA,NA,NA,NA,Etiqueta arana,Amanda
DSCN4550,99,Playa Blanca,,arana pequena,,,5,2023,may-23,485.527,21,0,13,3,2,Fragmentos blanqueados concentrados en una parte,Amanda
DSCN4541,115,Playa Blanca,,arana pequena,,,5,2023,may-23,NA,NA,NA,NA,NA,NA,Etiqueta arana,Amanda
DSCN4542,115,Playa Blanca,,arana pequena,,,5,2023,may-23,361.155,21,0,13,0,0,No se determina el límite entre fragmentos adyacentes,Amanda
DSCN4547,146,Playa Blanca,,arana pequena,,,5,2023,may-23,NA,NA,NA,NA,NA,NA,Etiqueta arana,Amanda
DSCN4548,146,Playa Blanca,,arana pequena,,,5,2023,may-23,448.008,27,0,18,0,0,"Grandes fragmentos, gran mortalidad parcial",Amanda
DSCN4539,147,Playa Blanca,,arana pequena,,,5,2023,may-23,NA,NA,NA,NA,NA,NA,Etiqueta arana,Amanda
DSCN4540,147,Playa Blanca,,arana pequena,,,5,2023,may-23,346.462,19,0,14,1,0,Parches con mortandad pequeños,Amanda
DSCN4545,155,Playa Blanca,,arana pequena,,,5,2023,may-23,NA,NA,NA,NA,NA,NA,Etiqueta arana,Amanda
DSCN4546,155,Playa Blanca,,arana pequena,,,5,2023,may-23,358.003,22,0,16,1,0,Un fragmento con palidecimiento,Amanda
DSCN2748,79,Playa Blanca,,arana pequena,,,3,2023,mar-23,444.898,20,0,0,0,0,,Paula
DSCN2761,80,Playa Blanca,,arana pequena,,,3,2023,mar-23,462.214,25,0,5,1,0,Duda con algas ,Paula
DSCN2767,81,Playa Blanca,,arana pequena,,,3,2023,mar-23,369.858,24,0,1,0,2,,Paula
DSCN2780,86,Playa Blanca,,arana pequena,,,3,2023,mar-23,290.785,23,0,2,0,0,,Paula
DSCN2776,108,Playa Blanca,,arana pequena,,,3,2023,mar-23,926.403,23,0,3,0,0,,Paula
DSCN3818,81,Playa Blanca,,arana pequena,,,4,2023,abr-23,508.443,24,0,0,0,2,"Foto cortada, ",Paula
DSCN3771,86,Playa Blanca,,arana pequena,,,4,2023,abr-23,NA,NA,NA,NA,NA,NA,Etiqueta arana,Paula
DSCN3772,86,Playa Blanca,,arana pequena,,,4,2023,abr-23,306.132,22,0,2,1,0,Foto cortada,Paula
DSCN3829,108,Playa Blanca,,arana pequena,,,4,2023,abr-23,NA,NA,NA,NA,NA,NA,Etiqueta,Paula
DSCN3830,108,Playa Blanca,,arana pequena,,,4,2023,abr-23,921.554,23,0,3,0,0,,Paula
DSCN3824,68,Playa Blanca,,arana pequena,,,4,2023,abr-23,271.450,26,0,0,0,0,,Daniela
DSCN3823,68,Playa Blanca,,arana pequena,,,4,2023,abr-23,NA,NA,NA,NA,NA,NA,Etiqueta arana,Daniela
DSCN3762,70,Playa Blanca,,arana pequena,,,4,2023,abr-23,191.580,24,0,0,0,1,,Daniela
DSCN3761,70,Playa Blanca,,arana pequena,,,4,2023,abr-23,NA,NA,NA,NA,NA,NA,Etiqueta arana,Daniela
DSCN3814,72,Playa Blanca,,arana pequena,,,4,2023,abr-23,502.880,22,0,0,0,0,,Daniela
DSCN3813,72,Playa Blanca,,arana pequena,,,4,2023,abr-23,NA,NA,NA,NA,NA,NA,Etiqueta arana,Daniela
DSCN3846,73,Playa Blanca,,arana pequena,,,4,2023,abr-23,357.010,24,0,0,1,0,"Parece una pérdida parcial, porque se nota la tira de plástico y se ve un pedacito muy pequeño de coral, comparado con los demás.",Daniela
DSCN3845,73,Playa Blanca,,arana pequena,,,4,2023,abr-23,NA,NA,NA,NA,NA,NA,Etiqueta arana,Daniela
DSCN3725,74,Playa Blanca,,arana pequena,,,4,2023,abr-23,404.770,19,0,1,0,0,,Daniela
DSCN3724,74,Playa Blanca,,arana pequena,,,4,2023,abr-23,NA,NA,NA,NA,NA,NA,Etiqueta arana,Daniela
DSCN4534,79,Playa Blanca,,arana pequena,,,5,2023,may-23,777.995,18,0,2,1,1,,Paula
DSCN4533,79,Playa Blanca,,arana pequena,,,5,2023,may-23,NA,NA,NA,NA,NA,NA,Etiqueta,Paula
DSCN4561,80,Playa Blanca,,arana pequena,,,5,2023,may-23,465.098,22,0,5,4,3,Un coral detras de la etiqueta,Paula
DSCN4560,80,Playa Blanca,,arana pequena,,,5,2023,may-23,NA,NA,NA,NA,NA,NA,Etiqueta,Paula
DSCN4569,81,Playa Blanca,,arana pequena,,,5,2023,may-23,677.574,23,0,3,1,0,,Paula
DSCN4568,81,Playa Blanca,,arana pequena,,,5,2023,may-23,NA,NA,NA,NA,NA,NA,,Paula
DSCN4619,86,Playa Blanca,,arana pequena,,,5,2023,may-23,330.598,21,0,3,1,0,"Dudas con algas, la foto esta un poco oscura",Paula
DSCN4618,86,Playa Blanca,,arana pequena,,,5,2023,may-23,NA,NA,NA,NA,NA,NA,Etiqueta,Paula
DSCN4581,108,Playa Blanca,,arana pequena,,,5,2023,may-23,945.155,22,0,3,1,0,,Paula
DSCN4580,108,Playa Blanca,,arana pequena,,,5,2023,may-23,NA,NA,NA,NA,NA,NA,Etiqueta,Paula
DSCN3824,68,Playa Blanca,,arana pequena,,,5,2023,may-23,482.393,26,0,0,0,0,Hay una pieza que se ve blanca pero tiene las puntas con color por lo que no estoy segura de que sea blanqueamiento,Daniela
DSCN3823,68,Playa Blanca,,arana pequena,,,5,2023,may-23,NA,NA,NA,NA,NA,NA,Etiqueta arana,Daniela
DSCN3762,70,Playa Blanca,,arana pequena,,,5,2023,may-23,213.956,24,0,0,0,1,,Daniela
DSCN3761,70,Playa Blanca,,arana pequena,,,5,2023,may-23,NA,NA,NA,NA,NA,NA,Etiqueta arana,Daniela
DSCN3814,72,Playa Blanca,,arana pequena,,,5,2023,may-23,635.116,22,0,0,0,0,,Daniela
DSCN3813,72,Playa Blanca,,arana pequena,,,5,2023,may-23,NA,NA,NA,NA,NA,NA,Etiqueta arana,Daniela
DSCN3846,73,Playa Blanca,,arana pequena,,,5,2023,may-23,422.087,23,0,1,1,0,"Hay una pieza que la mitad se ve negra, como si tuviera alga, no estoy segura si sea el ángulo de la fotografía, o si efectivamente es una mortalidad parcial.",Daniela
DSCN3845,73,Playa Blanca,,arana pequena,,,5,2023,may-23,NA,NA,NA,NA,NA,NA,Etiqueta arana,Daniela
DSCN3725,74,Playa Blanca,,arana pequena,,,5,2023,may-23,453.169,19,0,1,0,0,,Daniela
DSCN5302,147,Playa Blanca,,arana pequena,,,6,2023,jun-23,506.372,19,0,13,1,19,Gran blanqueamiento y pequeños parches con mortalidad parcial,Amanda
DSCN5308,155,Playa Blanca,,arana pequena,,,6,2023,jun-23,502.617,22,0,17,1,22,Gran blanqueamiento y pequeños parches con mortalidad parcial,Amanda
DSCN5334,68,Playa Blanca,,arana pequena,,,6,2023,jun-23,455.139,25,0,0,1,0,En este mes se contabilizó 25 fragmentos,Daniela
DSCN5334,68,Playa Blanca,,arana pequena,,,6,2023,jun-23,NA,NA,NA,NA,NA,NA,Etiqueta arana,Daniela
DSCN5372,70,Playa Blanca,,arana pequena,,,6,2023,jun-23,316.878,24,0,0,0,1,,Daniela
DSCN5372,70,Playa Blanca,,arana pequena,,,6,2023,jun-23,NA,NA,NA,NA,NA,NA,Etiqueta arana,Daniela
DSCN5322,72,Playa Blanca,,arana pequena,,,6,2023,jun-23,706.827,22,0,0,0,0,,Daniela
DSCN5322,72,Playa Blanca,,arana pequena,,,6,2023,jun-23,NA,NA,NA,NA,NA,NA,Etiqueta arana,Daniela
DSCN5317,73,Playa Blanca,,arana pequena,,,6,2023,jun-23,444.188,23,0,1,1,3,,Daniela
DSCN5317,73,Playa Blanca,,arana pequena,,,6,2023,jun-23,NA,NA,NA,NA,NA,NA,Etiqueta arana,Daniela
DSCN5311,74,Playa Blanca,,arana pequena,,,6,2023,jun-23,640.307,19,0,1,0,0,,Daniela
DSCN5311,74,Playa Blanca,,arana pequena,,,6,2023,jun-23,NA,NA,NA,NA,NA,NA,Etiqueta arana,Daniela
DSCN8783,59,Playa Blanca,,arana pequena,,,7,2023,jul-23,NA,NA,NA,NA,NA,NA,Etiqueta arana,Amanda
DSCN8784,59,Playa Blanca,,arana pequena,,,7,2023,jul-23,500.572,16,0,15,1,16,"Dos fragmentos con blanqueamiento muy leve, parches con mortalidad pequeños",Amanda
DSCN8777,82,Playa Blanca,,arana pequena,,,7,2023,jul-23,NA,NA,NA,NA,NA,NA,Etiqueta arana,Amanda
DSCN8778,82,Playa Blanca,,arana pequena,,,7,2023,jul-23,435.423,19,0,15,1,18,Parches con mortalidad pequeños,Amanda
DSCN8787,99,Playa Blanca,,arana pequena,,,7,2023,jul-23,NA,NA,NA,NA,NA,NA,Etiqueta arana,Amanda
DSCN8788,99,Playa Blanca,,arana pequena,,,7,2023,jul-23,724.687,21,0,14,3,21,Blanqueamiento generalizado,Amanda
DSCN8781,115,Playa Blanca,,arana pequena,,,7,2023,jul-23,NA,NA,NA,NA,NA,NA,Etiqueta arana,Amanda
DSCN8782,115,Playa Blanca,,arana pequena,,,7,2023,jul-23,504.908,19,0,15,0,16,Un fragmento no está claro a cual araña pertenece,Amanda
DSCN8789,146,Playa Blanca,,arana pequena,,,7,2023,jul-23,NA,NA,NA,NA,NA,NA,Etiqueta arana,Amanda
DSCN8790,146,Playa Blanca,,arana pequena,,,7,2023,jul-23,725.161,28,0,23,0,27,No hay registro de esta raña en junio,Amanda
DSCN8779,147,Playa Blanca,,arana pequena,,,7,2023,jul-23,NA,NA,NA,NA,NA,NA,Etiqueta arana,Amanda
DSCN8780,147,Playa Blanca,,arana pequena,,,7,2023,jul-23,456.944,19,0,18,1,18,Gran blanqueamiento y pequeños parches con mortalidad parcial,Amanda
DSCN8785,155,Playa Blanca,,arana pequena,,,7,2023,jul-23,NA,NA,NA,NA,NA,NA,Etiqueta arana,Amanda
DSCN8786,155,Playa Blanca,,arana pequena,,,7,2023,jul-23,420.639,22,0,19,1,22,Gran blanqueamiento y pequeños parches con mortalidad parcial,Amanda
DSCN3810,58,Playa Blanca,,arana pequena,,,4,2023,abr-23,381.448,12,0,0,3,1,,Priscilla
DSCN3804,60,Playa Blanca,,arana pequena,,,4,2023,abr-23,462.636,24,0,0,0,0,,Priscilla
DSCN3848,62,Playa Blanca,,arana pequena,,,4,2023,abr-23,366.081,24,0,0,0,0,,Priscilla
DSCN3850,64,Playa Blanca,,arana pequena,,,4,2023,abr-23,506.523,32,0,0,0,0,,Priscilla
DSCN3806,66,Playa Blanca,,arana pequena,,,4,2023,abr-23,362.990,27,0,0,1,0,,Priscilla
DSCN4591,58,Playa Blanca,,arana pequena,,,5,2023,may-23,418.313,12,0,2,3,0,,Priscilla
DSCN4593,60,Playa Blanca,,arana pequena,,,5,2023,may-23,548.101,19,0,0,2,0,,Priscilla
DSCN4552,62,Playa Blanca,,arana pequena,,,5,2023,may-23,476.522,24,0,0,0,0,,Priscilla
DSCN4555,64,Playa Blanca,,arana pequena,,,5,2023,may-23,592.927,31,0,1,1,0,,Priscilla
DSCN4597,66,Playa Blanca,,arana pequena,,,5,2023,may-23,561.398,27,0,0,1,1,,Priscilla
DSCN5330,58,Playa Blanca,,arana pequena,,,6,2023,jun-23,498.661,12,0,0,3,0,,Priscilla
DSCN5333,60,Playa Blanca,,arana pequena,,,6,2023,jun-23,720.477,19,0,0,3,0,,Priscilla
DSCN5314,62,Playa Blanca,,arana pequena,,,6,2023,jun-23,581.425,24,0,0,0,0,,Priscilla
DSCN5315,64,Playa Blanca,,arana pequena,,,6,2023,jun-23,780.494,30,0,0,2,1,,Priscilla
DSCN5332,66,Playa Blanca,,arana pequena,,,6,2023,jun-23,455.940,26,0,0,1,3,Hay un fragmento que se ve medio blanqueado ,Priscilla
DSCN8835,58,Playa Blanca,,arana pequena,,,7,2023,jul-23,537.960,11,0,0,4,0,hay varios fragmentos blanqueandose,Priscilla
DSCN8839,60,Playa Blanca,,arana pequena,,,7,2023,jul-23,796.642,19,0,0,1,0,hay dos fragmentos blanqueandose,Priscilla
DSCN8793,62,Playa Blanca,,arana pequena,,,7,2023,jul-23,725.191,24,0,0,0,0,hay dos fragmentos blanqueandose,Priscilla
DSCN8795,64,Playa Blanca,,arana pequena,,,7,2023,jul-23,967.712,30,0,0,1,1,hay varios fragmentos blanqueandose,Priscilla
DSCN8841,66,Playa Blanca,,arana pequena,,,7,2023,jul-23,680.696,26,0,0,2,2,,Priscilla
DSCN9862,58,Playa Blanca,,arana pequena,,,8,2023,ago-23,576.195,11,0,0,3,0,hay varios blanqueandose,Priscilla
DSCN9866,60,Playa Blanca,,arana pequena,,,8,2023,ago-23,903.798,19,0,0,3,0,hay dos fragmentos bastante blanqueados pero no completamente,Priscilla
DSCN9826,62,Playa Blanca,,arana pequena,,,8,2023,ago-23,681.162,24,0,0,0,0,hay dos muy blanqueados,Priscilla
DSCN9822,64,Playa Blanca,,arana pequena,,,8,2023,ago-23,875.015,30,0,0,1,3,hay varios blanqueandose,Priscilla
DSCN9876,66,Playa Blanca,,arana pequena,,,8,2023,ago-23,589.534,26,1,0,2,3,hay varios blanqueandose,Priscilla
PA210915,58,Playa Blanca,,arana pequena,,,10,2023,oct-23,505.564,11,0,0,4,11,Blanqueo generalizado,Priscilla
PA210918,60,Playa Blanca,,arana pequena,,,10,2023,oct-23,779.846,19,0,0,0,19,Blanqueo generalizado,Priscilla
PA210861,62,Playa Blanca,,arana pequena,,,10,2023,oct-23,891.835,24,0,0,0,18,Blanqueo generalizado,Priscilla
PA210864,64,Playa Blanca,,arana pequena,,,10,2023,oct-23,855.492,30,0,0,2,30,Blanqueo generalizado,Priscilla
PA210923,66,Playa Blanca,,arana pequena,,,10,2023,oct-23,615.930,21,0,0,3,21,Blanqueo generalizado,Priscilla
DSCN2179,58,Playa Blanca,,arana pequena,,,11,2023,nov-23,546.592,11,0,4,3,10,,Priscilla
DSCN2184,60,Playa Blanca,,arana pequena,,,11,2023,nov-23,418.443,19,9,9,0,9,Los que tienen mort.parc también están blanqueados,Priscilla
DSCN2134,62,Playa Blanca,,arana pequena,,,11,2023,nov-23,545.297,23,2,5,0,8,Los que tienen mort.parc también están blanqueados,Priscilla
DSCN2137,64,Playa Blanca,,arana pequena,,,11,2023,nov-23,451.801,29,9,6,2,3,Los que tienen mort.parc también están blanqueados,Priscilla
DSCN2186,66,Playa Blanca,,arana pequena,,,11,2023,nov-23,514.519,21,3,7,4,1,Los que tienen mort.parc también están blanqueados,Priscilla
DSCN9813,59,Playa Blanca,,arana pequena,,,8,2023,ago-23,NA,NA,NA,NA,NA,NA,Etiqueta arana,Amanda
DSCN9814,59,Playa Blanca,,arana pequena,,,8,2023,ago-23,676.410,19,0,12,0,14,Ciertas partes de la fotografía borrosas,Amanda
DSCN9807,82,Playa Blanca,,arana pequena,,,8,2023,ago-23,NA,NA,NA,NA,NA,NA,Etiqueta arana,Amanda
DSCN9808,82,Playa Blanca,,arana pequena,,,8,2023,ago-23,648.352,19,0,16,1,18,Blanqueamiento generalizado,Amanda
DSCN9817,99,Playa Blanca,,arana pequena,,,8,2023,ago-23,NA,NA,NA,NA,NA,NA,Etiqueta arana,Amanda
DSCN9818,99,Playa Blanca,,arana pequena,,,8,2023,ago-23,887.813,21,0,19,2,21,"Blanqueamiento generalizado, algunos fragmentos totalmente blanqueados",Amanda
DSCN9811,115,Playa Blanca,,arana pequena,,,8,2023,ago-23,NA,NA,NA,NA,NA,NA,Etiqueta arana,Amanda
DSCN9812,115,Playa Blanca,,arana pequena,,,8,2023,ago-23,574.130,19,0,18,0,19,Blanqueamiento generalizado,Amanda
DSCN9819,146,Playa Blanca,,arana pequena,,,8,2023,ago-23,NA,NA,NA,NA,NA,NA,Etiqueta arana,Amanda
DSCN9820,146,Playa Blanca,,arana pequena,,,8,2023,ago-23,574.130,26,0,18,2,26,Blanqueamiento generalizado,Amanda
DSCN9809,147,Playa Blanca,,arana pequena,,,8,2023,ago-23,NA,NA,NA,NA,NA,NA,Etiqueta arana,Amanda
DSCN9810,147,Playa Blanca,,arana pequena,,,8,2023,ago-23,497.719,19,0,17,1,19,Blanqueamiento generalizado,Amanda
DSCN9815,155,Playa Blanca,,arana pequena,,,8,2023,ago-23,NA,NA,NA,NA,NA,NA,Etiqueta arana,Amanda
DSCN9816,155,Playa Blanca,,arana pequena,,,8,2023,ago-23,486.687,21,0,18,21,2,Blanqueamiento generalizado,Amanda
DSCN2777,148,Playa Blanca,,arana pequena,,,3,2023,mar-23,686.552,19,0,0,0,0,,Jorge
DSCN3808,139,Playa Blanca,,arana pequena,,,4,2023,Apr-23,524.276,14,0,0,0,0,,Jorge
DSCN3816,140,Playa Blanca,,arana pequena,,,4,2023,Apr-23,425.170,21,0,0,0,0,,Jorge
DSCN3844,143,Playa Blanca,,arana pequena,,,4,2023,Apr-23,295.052,26,0,0,0,0,,Jorge
DSCN3842,144,Playa Blanca,,arana pequena,,,4,2023,Apr-23,330.510,18,0,0,0,0,,Jorge
DSCN3834,148,Playa Blanca,,arana pequena,,,4,2023,Apr-23,603.666,18,0,0,0,0,,Jorge
DSCN4595,139,Playa Blanca,,arana pequena,,,5,2023,may-23,521.728,13,0,0,1,0,,Jorge
DSCN4567,140,Playa Blanca,,arana pequena,,,5,2023,may-23,478.643,22,0,0,0,0,,Jorge
DSCN4559,143,Playa Blanca,,arana pequena,,,5,2023,may-23,348.460,24,0,0,2,0,,Jorge
DSCN4563,144,Playa Blanca,,arana pequena,,,5,2023,may-23,439.391,17,0,0,1,0,,Jorge
DSCN4583,148,Playa Blanca,,arana pequena,,,5,2023,may-23,741.984,17,0,0,2,0,,Jorge
DSCN5331,139,Playa Blanca,,arana pequena,,,6,2023,jun-23,586.390,13,0,0,0,0,,Jorge
DSCN5323,140,Playa Blanca,,arana pequena,,,6,2023,jun-23,588.347,21,0,0,1,0,,Jorge
DSCN5319,143,Playa Blanca,,arana pequena,,,6,2023,jun-23,357.090,26,0,0,0,0,,Jorge
DSCN5321,144,Playa Blanca,,arana pequena,,,6,2023,jun-23,527.869,16,0,0,1,0,,Jorge
DSCN5340,148,Playa Blanca,,arana pequena,,,6,2023,jun-23,711.397,17,0,0,0,0,,Jorge
DSCN8837,139,Playa Blanca,,arana pequena,,,7,2023,jul-23,778.814,13,0,0,0,0,,Jorge
DSCN8811,140,Playa Blanca,,arana pequena,,,7,2023,jul-23,731.887,21,0,0,0,0,,Jorge
DSCN8797,143,Playa Blanca,,arana pequena,,,7,2023,jul-23,455.029,25,1,0,0,0,,Jorge
DSCN8801,144,Playa Blanca,,arana pequena,,,7,2023,jul-23,640.325,17,0,0,0,0,,Jorge
DSCN8827,148,Playa Blanca,,arana pequena,,,7,2023,jul-23,825.745,16,0,0,1,0,,Jorge
DSCN9864,139,Playa Blanca,,arana pequena,,,8,2023,Aug-23,949.916,13,0,11,0,0,Hay varios corales blanqueados parcialmente,Jorge
DSCN9838,140,Playa Blanca,,arana pequena,,,8,2023,Aug-23,673.668,21,0,11,0,0,Hay varios corales blanqueados parcialmente,Jorge
DSCN9828,143,Playa Blanca,,arana pequena,,,8,2023,Aug-23,510.199,25,0,16,0,1,Hay varios corales blanqueados parcialmente,Jorge
DSCN9832,144,Playa Blanca,,arana pequena,,,8,2023,Aug-23,754.020,17,0,13,0,0,Hay varios corales blanqueados parcialmente,Jorge
DSCN9854,148,Playa Blanca,,arana pequena,,,8,2023,Aug-23,824.474,16,0,11,0,0,Hay varios corales blanqueados parcialmente,Jorge
DSCN8833,68,Playa Blanca,,arana pequena,,,7,2023,jul-23,727.648,25,0,0,1,3,,Daniela
DSCN8832,68,Playa Blanca,,arana pequena,,,7,2023,jul-23,NA,NA,NA,NA,NA,NA,Etiqueta arana,Daniela
DSCN8888,70,Playa Blanca,,arana pequena,,,7,2023,jul-23,399.258,24,0,5,0,2,Algas en parte de los fragmentos ,Daniela
DSCN8887,70,Playa Blanca,,arana pequena,,,7,2023,jul-23,NA,NA,NA,NA,NA,NA,Etiqueta arana,Daniela
DSCN8804,72,Playa Blanca,,arana pequena,,,7,2023,jul-23,796.719,22,0,0,0,0,,Daniela
DSCN8802,72,Playa Blanca,,arana pequena,,,7,2023,jul-23,NA,NA,NA,NA,NA,NA,Etiqueta arana,Daniela
DSCN8799,73,Playa Blanca,,arana pequena,,,7,2023,jul-23,766.389,23,0,1,1,3,,Daniela
DSCN8798,73,Playa Blanca,,arana pequena,,,7,2023,jul-23,NA,NA,NA,NA,NA,NA,Etiqueta arana,Daniela
DSCN8772,74,Playa Blanca,,arana pequena,,,7,2023,jul-23,674.921,19,0,1,0,1,,Daniela
DSCN8771,74,Playa Blanca,,arana pequena,,,7,2023,jul-23,NA,NA,NA,NA,NA,NA,Etiqueta arana,Daniela
DSCN9860,68,Playa Blanca,,arana pequena,,,8,2023,ago-23,768.859,25,0,0,1,2,,Daniela
DSCN9859,68,Playa Blanca,,arana pequena,,,8,2023,ago-23,NA,NA,NA,NA,NA,NA,Etiqueta arana,Daniela
DSCN9918,70,Playa Blanca,,arana pequena,,,8,2023,ago-23,495.226,24,0,5,0,4,Algas en parte de los fragmentos ,Daniela
DSCN9917,70,Playa Blanca,,arana pequena,,,8,2023,ago-23,NA,NA,NA,NA,NA,NA,Etiqueta arana,Daniela
DSCN9834,72,Playa Blanca,,arana pequena,,,8,2023,ago-23,905.506,19,0,0,3,1,,Daniela
DSCN9833,72,Playa Blanca,,arana pequena,,,8,2023,ago-23,NA,NA,NA,NA,NA,NA,Etiqueta arana,Daniela
DSCN9824,73,Playa Blanca,,arana pequena,,,8,2023,ago-23,807.411,23,0,1,1,3,Algas en parte de los fragmentos ,Daniela
DSCN9823,73,Playa Blanca,,arana pequena,,,8,2023,ago-23,NA,NA,NA,NA,NA,NA,Etiqueta arana,Daniela
DSCN9802,74,Playa Blanca,,arana pequena,,,8,2023,ago-23,721.505,18,0,1,1,1,,Daniela
DSCN9800,74,Playa Blanca,,arana pequena,,,8,2023,ago-23,NA,NA,NA,NA,NA,NA,Etiqueta arana,Daniela
PA210846,59,Playa Blanca,,arana pequena,,,10,2023,oct-23,NA,NA,NA,NA,NA,NA,Etiqueta arana,Amanda
PA210847,59,Playa Blanca,,arana pequena,,,10,2023,oct-23,648.239,16,0,5,1,16,Totalmente blanqueado,Amanda
PA210841,82,Playa Blanca,,arana pequena,,,10,2023,oct-23,NA,NA,NA,NA,NA,NA,Etiqueta arana,Amanda
PA210842,82,Playa Blanca,,arana pequena,,,10,2023,oct-23,NA,NA,NA,NA,NA,NA,Etiqueta arana,Amanda
PA210843,82,Playa Blanca,,arana pequena,,,10,2023,oct-23,492.683,18,0,10,0,18,Totalmente blanqueado,Amanda
PA210853,99,Playa Blanca,,arana pequena,,,10,2023,oct-23,NA,NA,NA,NA,NA,NA,Etiqueta arana,Amanda
PA210854,99,Playa Blanca,,arana pequena,,,10,2023,oct-23,NA,NA,NA,NA,NA,NA,Etiqueta arana,Amanda
PA210855,99,Playa Blanca,,arana pequena,,,10,2023,oct-23,648.121,22,0,10,2,22,Totalmente blanqueado,Amanda
PA210848,115,Playa Blanca,,arana pequena,,,10,2023,oct-23,NA,NA,NA,NA,NA,NA,Etiqueta arana,Amanda
PA210849,115,Playa Blanca,,arana pequena,,,10,2023,oct-23,NA,NA,NA,NA,NA,NA,Etiqueta arana,Amanda
PA210850,115,Playa Blanca,,arana pequena,,,10,2023,oct-23,488.749,19,1,12,0,19,Totalmente blanqueado,Amanda
PA210856,146,Playa Blanca,,arana pequena,,,10,2023,oct-23,NA,NA,NA,NA,NA,NA,Etiqueta arana,Amanda
PA210857,146,Playa Blanca,,arana pequena,,,10,2023,oct-23,NA,NA,NA,NA,NA,NA,Etiqueta arana,Amanda
PA210858,146,Playa Blanca,,arana pequena,,,10,2023,oct-23,618.940,24,1,16,2,24,Totalmente blanqueado,Amanda
PA210844,147,Playa Blanca,,arana pequena,,,10,2023,oct-23,NA,NA,NA,NA,NA,NA,Etiqueta arana,Amanda
PA210845,147,Playa Blanca,,arana pequena,,,10,2023,oct-23,556.728,19,0,9,0,19,Totalmente blanqueado,Amanda
PA210851,155,Playa Blanca,,arana pequena,,,10,2023,oct-23,NA,NA,NA,NA,NA,NA,Etiqueta arana,Amanda
PA210852,155,Playa Blanca,,arana pequena,,,10,2023,oct-23,547.706,21,0,13,1,21,Totalmente blanqueado,Amanda
DSCN3820,121,Playa Blanca,,araña pequeña,,,4,2023,abr-23,436.592,21,0,0,0,2,,Saul
DSCN3826,127,Playa Blanca,,araña pequeña,,,4,2023,abr-23,486.201,21,0,0,1,0,,Saul
DSCN3796,130,Playa Blanca,,araña pequeña,,,4,2023,abr-23,234.717,22,0,0,0,0,,Saul
DSCN3770,133,Playa Blanca,,araña pequeña,,,4,2023,abr-23,334.612,25,0,0,1,0,,Saul
DSCN3836,138,Playa Blanca,,araña pequeña,,,4,2023,abr-23,538.621,17,0,0,2,0,,Saul
DSCN4573,121,Playa Blanca,,araña pequeña,,,5,2023,may-23,449.794,21,0,0,0,0,,Saul
DSCN4579,127,Playa Blanca,,araña pequeña,,,5,2023,may-23,533.255,18,0,0,3,0,,Saul
DSCN4615,130,Playa Blanca,,araña pequeña,,,5,2023,may-23,405.857,22,0,0,0,0,,Saul
DSCN4621,133,Playa Blanca,,araña pequeña,,,5,2023,may-23,485.740,23,0,0,2,0,,Saul
DSCN4577,138,Playa Blanca,,araña pequeña,,,5,2023,may-23,671.418,16,0,0,1,0,,Saul
DSCN5326,121,Playa Blanca,,araña pequeña,,,6,2023,jun-23,606.367,20,0,0,1,0,,Saul
DSCN5335,127,Playa Blanca,,araña pequeña,,,6,2023,jun-23,660.969,16,0,0,2,0,,Saul
DSCN5352,130,Playa Blanca,,araña pequeña,,,6,2023,jun-23,555.083,22,0,0,0,0,,Saul
DSCN5357,133,Playa Blanca,,araña pequeña,,,6,2023,jun-23,599.207,23,0,0,0,0,,Saul
DSCN5336,138,Playa Blanca,,araña pequeña,,,6,2023,jun-23,970.939,16,0,0,0,0,,Saul
DSCN8816,121,Playa Blanca,,araña pequeña,,,7,2023,jul-23,702.454,21,0,0,0,0,,Saul
DSCN8831,127,Playa Blanca,,araña pequeña,,,7,2023,jul-23,887.448,18,0,0,0,0,,Saul
DSCN8858,130,Playa Blanca,,araña pequeña,,,7,2023,jul-23,637.199,22,0,0,0,0,,Saul
DSCN8874,133,Playa Blanca,,araña pequeña,,,7,2023,jul-23,634.452,21,0,0,2,0,,Saul
DSCN8823,138,Playa Blanca,,araña pequeña,,,7,2023,jul-23,970.961,18,0,0,0,0,,Saul
DSCN9844,121,Playa Blanca,,araña pequeña,,,8,2023,ago-23,691.714,18,0,0,3,1,,Saul
DSCN9858,127,Playa Blanca,,araña pequeña,,,8,2023,ago-23,888.055,21,0,0,0,0,,Saul
DSCN9882,130,Playa Blanca,,araña pequeña,,,8,2023,ago-23,741.646,22,0,0,0,0,,Saul
DSCN9894,133,Playa Blanca,,araña pequeña,,,8,2023,ago-23,794.073,22,0,0,1,0,,Saul
DSCN9850,138,Playa Blanca,,araña pequeña,,,8,2023,ago-23,908.863,17,0,0,1,0,,Saul
PA210889,121,Playa Blanca,,araña pequeña,,,10,2023,oct-23,631.297,18,0,0,0,17,,Saul
PA210910,127,Playa Blanca,,araña pequeña,,,10,2023,oct-23,809.109,19,0,0,2,18,,Saul
PA210960,133,Playa Blanca,,araña pequeña,,,10,2023,oct-23,832.933,22,0,0,0,22,,Saul
PA210899,138,Playa Blanca,,araña pequeña,,,10,2023,oct-23,1028.640,16,0,0,1,15,,Saul
DSCN2124,59,Playa Blanca,,arana pequena,,,11,2023,nov-23,NA,NA,NA,NA,NA,NA,Etiqueta arana,Amanda
DSCN2125,59,Playa Blanca,,arana pequena,,,11,2023,nov-23,328.797,13,3,12,1,13,Totalmente blanqueado,Amanda
DSCN2116,82,Playa Blanca,,arana pequena,,,11,2023,nov-23,NA,NA,NA,NA,NA,NA,Etiqueta arana,Amanda
DSCN2117,82,Playa Blanca,,arana pequena,,,11,2023,nov-23,NA,NA,NA,NA,NA,NA,Etiqueta arana,Amanda
DSCN2118,82,Playa Blanca,,arana pequena,,,11,2023,nov-23,116.392,6,13,6,1,6,Mayoría muerto,Amanda
DSCN2128,99,Playa Blanca,,arana pequena,,,11,2023,nov-23,NA,NA,NA,NA,NA,NA,Etiqueta arana,Amanda
DSCN2129,99,Playa Blanca,,arana pequena,,,11,2023,nov-23,409.734,15,6,11,2,15,Totalmente blanqueado,Amanda
DSCN2121,115,Playa Blanca,,arana pequena,,,11,2023,nov-23,NA,NA,NA,NA,NA,NA,Etiqueta arana,Amanda
DSCN2122,115,Playa Blanca,,arana pequena,,,11,2023,nov-23,NA,NA,NA,NA,NA,NA,Etiqueta arana,Amanda
DSCN2123,115,Playa Blanca,,arana pequena,,,11,2023,nov-23,213.202,12,7,11,1,12,Totalmente blanqueado,Amanda
DSCN2130,146,Playa Blanca,,arana pequena,,,11,2023,nov-23,NA,NA,NA,NA,NA,NA,Etiqueta arana,Amanda
DSCN2131,146,Playa Blanca,,arana pequena,,,11,2023,nov-23,NA,NA,NA,NA,NA,NA,Etiqueta arana,Amanda
DSCN2132,146,Playa Blanca,,arana pequena,,,11,2023,nov-23,603.932,21,4,17,3,21,Totalmente blanqueado,Amanda
DSCN2119,147,Playa Blanca,,arana pequena,,,11,2023,nov-23,NA,NA,NA,NA,NA,NA,Etiqueta arana,Amanda
DSCN2120,147,Playa Blanca,,arana pequena,,,11,2023,nov-23,430.444,16,2,15,3,16,Totalmente blanqueado,Amanda
DSCN2126,155,Playa Blanca,,arana pequena,,,11,2023,nov-23,NA,NA,NA,NA,NA,NA,Etiqueta arana,Amanda
DSCN2127,155,Playa Blanca,,arana pequena,,,11,2023,nov-23,259.225,11,10,8,2,11,Totalmente blanqueado,Amanda
DSCN2150,149,Playa Blanca,,arana pequena,,,11,2023,nov-24,NA,NA,NA,NA,NA,NA,Etiqueta arana,Emma
DSCN2151,149,Playa Blanca,,arana pequena,,,11,2023,nov-24,601.750,20,7,5,0,9,NA,Emma
DSCN2220,150,Playa Blanca,,arana pequena,,,11,2023,nov-24,NA,NA,NA,NA,NA,NA,Etiqueta arana,Emma
DSCN2221,150,Playa Blanca,,arana pequena,,,11,2023,nov-24,504.137,15,5,4,2,6,NA,Emma
DSCN2169,151,Playa Blanca,,arana pequena,,,11,2023,nov-24,NA,NA,NA,NA,NA,NA,Etiqueta arana,Emma
DSCN2171,151,Playa Blanca,,arana pequena,,,11,2023,nov-24,903.704,16,4,4,4,8,Familia Scheinberg - las etiquetas escondían uno de los corales - interpretación de la zona cruzando las etiquetas 151,Emma
DSCN2154,154,Playa Blanca,,arana pequena,,,11,2023,nov-24,NA,NA,NA,NA,NA,NA,Etiqueta arana,Emma
DSCN2155,154,Playa Blanca,,arana pequena,,,11,2023,nov-24,676.610,16,2,9,0,5,Muchos corales con la punta muerta (parcialmente muerta),Emma
DSCN2190,375,Playa Blanca,,arana pequena,,,11,2023,nov-24,NA,NA,NA,NA,NA,NA,Etiqueta arana,Emma
DSCN2191,375,Playa Blanca,,arana pequena,,,11,2023,nov-24,205.009,14,1,9,1,4,"Foto tomada en un ángulo ligeramente izquierdo: no está exactamente alineada sobre la estructura, lo que puede sesgar un poco la escala en algunas medidas.",Emma
DSCN2198,378,Playa Blanca,,arana pequena,,,11,2023,nov-24,NA,NA,NA,NA,NA,NA,Etiqueta arana,Emma
DSCN2200,378,Playa Blanca,,arana pequena,,,11,2023,nov-24,511.685,25,11,9,0,5,Fotografía ligeramente recortada en la parte superior.,Emma
DSCN2212,379,Playa Blanca,,arana pequena,,,11,2023,nov-24,NA,NA,NA,NA,NA,NA,Etiqueta arana,Emma
DSCN2213,379,Playa Blanca,,arana pequena,,,11,2023,nov-24,251.771,16,3,11,1,2,NA,Emma
DSCN2306,380,Playa Blanca,,arana pequena,,,11,2023,nov-24,NA,NA,NA,NA,NA,NA,Etiqueta arana,Emma
DSCN2308,380,Playa Blanca,,arana pequena,,,11,2023,nov-24,182.460,20,7,6,0,7,NA,Emma
PA210880,149,Playa Blanca,,arana pequena,,,10,2023,oct-24,NA,NA,NA,NA,NA,NA,Etiqueta arana,Emma
PA210881,149,Playa Blanca,,arana pequena,,,10,2023,oct-24,905.483,22,1,0,1,20,NA,Emma
PA210952,150,Playa Blanca,,arana pequena,,,10,2023,oct-24,NA,NA,NA,NA,NA,NA,Etiqueta arana,Emma
PA210954,150,Playa Blanca,,arana pequena,,,10,2023,oct-24,1034.611,15,0,1,1,14,En la parte superior de la foto: presencia de peces sobre el coral + el coral recortado en la foto.,Emma
PA210905,151,Playa Blanca,,arana pequena,,,10,2023,oct-24,NA,NA,NA,NA,NA,NA,Etiqueta arana,Emma
PA210907,151,Playa Blanca,,arana pequena,,,10,2023,oct-24,1375.035,19,0,1,3,14,"Tuve que medir el área dos veces: la primera vez calculé 1636.499, el área parecía muy alta... La segunda vez, el área parece más cercana a la realidad.",Emma
PA210894,154,Playa Blanca,,arana pequena,,,10,2023,oct-24,NA,NA,NA,NA,NA,NA,Etiqueta arana,Emma
PA210895,154,Playa Blanca,,arana pequena,,,10,2023,oct-24,1116.959,17,9,0,0,15,"Se perdió un coral desde agosto, lo que podría explicar la disminución en el área, pero no puedo ver la cuerda donde se perdió el coral...",Emma
PA210927,375,Playa Blanca,,arana pequena,,,10,2023,oct-24,NA,NA,NA,NA,NA,NA,Etiqueta arana,Emma
PA210928,375,Playa Blanca,,arana pequena,,,10,2023,oct-24,528.177,15,0,0,0,15,NA,Emma
PA210976,378,Playa Blanca,,arana pequena,,,10,2023,oct-24,NA,NA,NA,NA,NA,NA,Etiqueta arana,Emma
PA210978,378,Playa Blanca,,arana pequena,,,10,2023,oct-24,1283.707,25,0,0,0,23,NA,Emma
PA210950,379,Playa Blanca,,arana pequena,,,10,2023,oct-24,NA,NA,NA,NA,NA,NA,Etiqueta arana,Emma
PA210951,379,Playa Blanca,,arana pequena,,,10,2023,oct-24,498.929,18,0,1,0,19,Uno de los fragmentos de corales blanqueados parece estar debajo del pez en la foto.,Emma
PA211000,380,Playa Blanca,,arana pequena,,,10,2023,oct-24,NA,NA,NA,NA,NA,NA,Etiqueta arana,Emma
PA211002,380,Playa Blanca,,arana pequena,,,10,2023,oct-24,500.459,21,0,0,0,21,NA,Emma
No Photo,149,Playa Blanca,,arana pequena,,,9,2023,sep-24,NA,NA,NA,NA,NA,NA,Etiqueta arana,Emma
No Photo,149,Playa Blanca,,arana pequena,,,9,2023,sep-24,NA,NA,NA,NA,NA,NA,NA,Emma
No Photo,150,Playa Blanca,,arana pequena,,,9,2023,sep-24,NA,NA,NA,NA,NA,NA,Etiqueta arana,Emma
No Photo,150,Playa Blanca,,arana pequena,,,9,2023,sep-24,NA,NA,NA,NA,NA,NA,NA,Emma
No Photo,151,Playa Blanca,,arana pequena,,,9,2023,sep-24,NA,NA,NA,NA,NA,NA,Etiqueta arana,Emma
No Photo,151,Playa Blanca,,arana pequena,,,9,2023,sep-24,NA,NA,NA,NA,NA,NA,NA,Emma
No Photo,154,Playa Blanca,,arana pequena,,,9,2023,sep-24,NA,NA,NA,NA,NA,NA,Etiqueta arana,Emma
No Photo,154,Playa Blanca,,arana pequena,,,9,2023,sep-24,NA,NA,NA,NA,NA,NA,NA,Emma
No Photo,375,Playa Blanca,,arana pequena,,,9,2023,sep-24,NA,NA,NA,NA,NA,NA,Etiqueta arana,Emma
No Photo,375,Playa Blanca,,arana pequena,,,9,2023,sep-24,NA,NA,NA,NA,NA,NA,NA,Emma
No Photo,378,Playa Blanca,,arana pequena,,,9,2023,sep-24,NA,NA,NA,NA,NA,NA,Etiqueta arana,Emma
No Photo,378,Playa Blanca,,arana pequena,,,9,2023,sep-24,NA,NA,NA,NA,NA,NA,NA,Emma
No Photo,379,Playa Blanca,,arana pequena,,,9,2023,sep-24,NA,NA,NA,NA,NA,NA,Etiqueta arana,Emma
No Photo,379,Playa Blanca,,arana pequena,,,9,2023,sep-24,NA,NA,NA,NA,NA,NA,NA,Emma
P9232659,380,Playa Blanca,,arana pequena,,,9,2023,sep-24,NA,NA,NA,NA,NA,NA,Etiqueta arana,Emma
P9232660,380,Playa Blanca,,arana pequena,,,9,2023,sep-24,531.994,21,0,0,1,11,NA,Emma
DSCN9835,149,Playa Blanca,,arana pequena,,,8,2023,ago-24,NA,NA,NA,NA,NA,NA,Etiqueta arana,Emma
DSCN9836,149,Playa Blanca,,arana pequena,,,8,2023,ago-24,949.939,22,0,0,1,1,"Los corales están experimentando los primeros signos de blanqueamiento, ya que las puntas se están volviendo blancas.",Emma
DSCN9871,150,Playa Blanca,,arana pequena,,,8,2023,ago-24,NA,NA,NA,NA,NA,NA,Etiqueta arana,Emma
DSCN9872,150,Playa Blanca,,arana pequena,,,8,2023,ago-24,852.147,15,0,0,0,0,"Los corales están experimentando los primeros signos de blanqueamiento, ya que las puntas se están volviendo blancas.",Emma
DSCN9855,151,Playa Blanca,,arana pequena,,,8,2023,ago-24,NA,NA,NA,NA,NA,NA,Etiqueta arana,Emma
DSCN9856,151,Playa Blanca,,arana pequena,,,8,2023,ago-24,1135.081,19,0,0,3,0,"Los corales están experimentando los primeros signos de blanqueamiento, ya que las puntas se están volviendo blancas.",Emma
DSCN9839,154,Playa Blanca,,arana pequena,,,8,2023,ago-24,NA,NA,NA,NA,NA,NA,Etiqueta arana,Emma
DSCN9840,154,Playa Blanca,,arana pequena,,,8,2023,ago-24,1141.311,18,0,0,1,0,El coral perdido parece ser una etiqueta que se cayó.,Emma
DSCN9983,375,Playa Blanca,,arana pequena,,,8,2023,ago-24,NA,NA,NA,NA,NA,NA,Etiqueta arana,Emma
DSCN9984,375,Playa Blanca,,arana pequena,,,8,2023,ago-24,370.439,14,0,0,3,1,"Uno de los ""perdido"" parece ser la etiqueta que se perdió (en el centro de la estructura); Los corales están experimentando los primeros signos de blanqueamiento, ya que las puntas se están volviendo blancas.",Emma
DSCN9968,378,Playa Blanca,,arana pequena,,,8,2023,ago-24,NA,NA,NA,NA,NA,NA,Etiqueta arana,Emma
DSCN9969,378,Playa Blanca,,arana pequena,,,8,2023,ago-24,1101.757,25,0,0,0,0,"Los corales están experimentando los primeros signos de blanqueamiento, ya que las puntas se están volviendo blancas.",Emma
DSCN9877,379,Playa Blanca,,arana pequena,,,8,2023,ago-24,NA,NA,NA,NA,NA,NA,Etiqueta arana,Emma
DSCN9878,379,Playa Blanca,,arana pequena,,,8,2023,ago-24,444.901,19,0,0,1,1,"Los corales están experimentando los primeros signos de blanqueamiento, ya que las puntas se están volviendo blancas.",Emma
DSCN9949,380,Playa Blanca,,arana pequena,,,8,2023,ago-24,NA,NA,NA,NA,NA,NA,Etiqueta arana,Emma
DSCN9950,380,Playa Blanca,,arana pequena,,,8,2023,ago-24,433.126,22,0,0,0,3,"Los corales están experimentando los primeros signos de blanqueamiento, ya que las puntas se están volviendo blancas.",Emma
DSCN8820,149,Playa Blanca,,arana pequena,,,7,2023,jul-24,NA,NA,NA,NA,NA,NA,Etiqueta arana,Emma
DSCN8821,149,Playa Blanca,,arana pequena,,,7,2023,jul-24,1096.359,22,0,0,2,0,"Los corales están experimentando los primeros signos de blanqueamiento, ya que las puntas se están volviendo blancas.",Emma
DSCN8855,150,Playa Blanca,,arana pequena,,,7,2023,jul-24,NA,NA,NA,NA,NA,NA,Etiqueta arana,Emma
DSCN8856,150,Playa Blanca,,arana pequena,,,7,2023,jul-24,880.299,15,0,0,1,0,"Los corales están experimentando los primeros signos de blanqueamiento, ya que las puntas se están volviendo blancas.",Emma
DSCN8828,151,Playa Blanca,,arana pequena,,,7,2023,jul-24,NA,NA,NA,NA,NA,NA,Etiqueta arana,Emma
DSCN8829,151,Playa Blanca,,arana pequena,,,7,2023,jul-24,1058.138,19,0,0,4,0,"Los corales están experimentando los primeros signos de blanqueamiento, ya que las puntas se están volviendo blancas.",Emma
DSCN8817,154,Playa Blanca,,arana pequena,,,7,2023,jul-24,NA,NA,NA,NA,NA,NA,Etiqueta arana,Emma
DSCN8818,154,Playa Blanca,,arana pequena,,,7,2023,jul-24,985.507,18,0,1,0,0,"Los corales están experimentando los primeros signos de blanqueamiento, ya que las puntas se están volviendo blancas.",Emma
DSCN8844,375,Playa Blanca,,arana pequena,,,7,2023,jul-24,NA,NA,NA,NA,NA,NA,Etiqueta arana,Emma
DSCN8845,375,Playa Blanca,,arana pequena,,,7,2023,jul-24,238.069,14,0,0,2,0,Corales saludables y en crecimiento.,Emma
DSCN8861,378,Playa Blanca,,arana pequena,,,7,2023,jul-24,NA,NA,NA,NA,NA,NA,Etiqueta arana,Emma
DSCN8862,378,Playa Blanca,,arana pequena,,,7,2023,jul-24,910.243,24,0,0,0,0,Todos los corales están parcialmente blanqueados.,Emma
DSCN8853,379,Playa Blanca,,arana pequena,,,7,2023,jul-24,NA,NA,NA,NA,NA,NA,Etiqueta arana,Emma
DSCN8854,379,Playa Blanca,,arana pequena,,,7,2023,jul-24,546.993,19,0,0,3,3,"Los corales están experimentando los primeros signos de blanqueamiento, ya que las puntas se están volviendo blancas.",Emma
DSCN8918,380,Playa Blanca,,arana pequena,,,7,2023,jul-24,NA,NA,NA,NA,NA,NA,Etiqueta arana,Emma
DSCN8919,380,Playa Blanca,,arana pequena,,,7,2023,jul-24,385.800,22,0,0,0,1,"Los corales están experimentando los primeros signos de blanqueamiento, ya que las puntas se están volviendo blancas.",Emma
NA,149,Playa Blanca,,arana pequena,,,6,2023,jun-24,NA,NA,NA,NA,NA,NA,Etiqueta arana,Emma
DSCN5329,149,Playa Blanca,,arana pequena,,,6,2023,jun-24,958.605,22,0,0,3,0,Algunos corales están empezando a mostrar los primeros signos de blanqueamiento.,Emma
NA,150,Playa Blanca,,arana pequena,,,6,2023,jun-24,NA,NA,NA,NA,NA,NA,Etiqueta arana,Emma
DSCN5353,150,Playa Blanca,,arana pequena,,,6,2023,jun-24,842.131,15,0,0,1,0,Algunos corales están empezando a mostrar los primeros signos de blanqueamiento.,Emma
NA,151,Playa Blanca,,arana pequena,,,6,2023,jun-24,NA,NA,NA,NA,NA,NA,Etiqueta arana,Emma
DSCN5339,151,Playa Blanca,,arana pequena,,,6,2023,jun-24,919.282,20,1,0,3,0,Algunos corales están empezando a mostrar los primeros signos de blanqueamiento.,Emma
DSCN5327,154,Playa Blanca,,arana pequena,,,6,2023,jun-24,NA,NA,NA,NA,NA,NA,Etiqueta arana,Emma
DSCN5328,154,Playa Blanca,,arana pequena,,,6,2023,jun-24,914.229,18,0,1,0,0,Parece que el coral que no aparecía en la foto desde el mes de marzo es muy pequeño e incluso está parcialmente muerto en esta imagen.,Emma
NA,375,Playa Blanca,,arana pequena,,,6,2023,jun-24,NA,NA,NA,NA,NA,NA,Etiqueta arana,Emma
DSCN5345,375,Playa Blanca,,arana pequena,,,6,2023,jun-24,261.121,16,0,0,2,0,Uno de los corales perdidos parece tener un fragmento debajo de la brida y la estructura: ¿quizás sea un coral muerto?,Emma
NA,378,Playa Blanca,,arana pequena,,,6,2023,jun-24,NA,NA,NA,NA,NA,NA,Etiqueta arana,Emma
DSCN5350,378,Playa Blanca,,arana pequena,,,6,2023,jun-24,720.374,24,0,0,0,0,Algunos corales están empezando a mostrar los primeros signos de blanqueamiento.,Emma
NA,379,Playa Blanca,,arana pequena,,,6,2023,jun-24,NA,NA,NA,NA,NA,NA,Etiqueta arana,Emma
DSCN5342,379,Playa Blanca,,arana pequena,,,6,2023,jun-24,306.310,19,1,0,2,0,Algunos corales están empezando a mostrar los primeros signos de blanqueamiento.,Emma
DSCN5393,380,Playa Blanca,,arana pequena,,,6,2023,jun-24,NA,NA,NA,NA,NA,NA,Etiqueta arana,Emma
DSCN5394,380,Playa Blanca,,arana pequena,,,6,2023,jun-24,293.910,22,0,0,0,1,Algunos corales están empezando a mostrar los primeros signos de blanqueamiento.,Emma
DSCN4574,149,Playa Blanca,,arana pequena,,,5,2023,may-24,NA,NA,NA,NA,NA,NA,Etiqueta arana,Emma
DSCN4575,149,Playa Blanca,,arana pequena,,,5,2023,may-24,772.706,21,0,0,2,0,Corales saludables y en crecimiento.,Emma
DSCN4616,150,Playa Blanca,,arana pequena,,,5,2023,may-24,NA,NA,NA,NA,NA,NA,Etiqueta arana,Emma
DSCN4617,150,Playa Blanca,,arana pequena,,,5,2023,may-24,654.521,15,0,0,2,0,Corales saludables y en crecimiento.,Emma
DSCN4584,151,Playa Blanca,,arana pequena,,,5,2023,may-24,NA,NA,NA,NA,NA,NA,Etiqueta arana,Emma
DSCN4585,151,Playa Blanca,,arana pequena,,,5,2023,may-24,922.262,20,1,0,3,0,Corales saludables y en crecimiento.,Emma
DSCN4570,154,Playa Blanca,,arana pequena,,,5,2023,may-24,NA,NA,NA,NA,NA,NA,Etiqueta arana,Emma
DSCN4571,154,Playa Blanca,,arana pequena,,,5,2023,may-24,803.528,17,0,0,0,0,"En la esquina derecha de la estructura, parece que el coral que estaba en la misma posición en abril se cayó. Es difícil identificar si está muerto o perdido.",Emma
DSCN4602,375,Playa Blanca,,arana pequena,,,5,2023,may-24,NA,NA,NA,NA,NA,NA,Etiqueta arana,Emma
DSCN4603,375,Playa Blanca,,arana pequena,,,5,2023,may-24,239.242,18,0,1,0,0,Corales saludables y en crecimiento.,Emma
DSCN4608,378,Playa Blanca,,arana pequena,,,5,2023,may-24,NA,NA,NA,NA,NA,NA,Etiqueta arana,Emma
DSCN4609,378,Playa Blanca,,arana pequena,,,5,2023,may-24,569.024,24,0,0,0,0,Podemos ver en la foto que algunos corales (4 fragmentos) han caído en el lecho marino. La cuerda no permanece en la estructura y podría haber caído con los corales si no fue retirada.,Emma
DSCN4598,379,Playa Blanca,,arana pequena,,,5,2023,may-24,NA,NA,NA,NA,NA,NA,Etiqueta arana,Emma
DSCN4599,379,Playa Blanca,,arana pequena,,,5,2023,may-24,286.630,18,1,0,4,0,Corales saludables y en crecimiento.,Emma
DSCN4650,380,Playa Blanca,,arana pequena,,,5,2023,may-24,NA,NA,NA,NA,NA,NA,Etiqueta arana,Emma
DSCN4651,380,Playa Blanca,,arana pequena,,,5,2023,may-24,192.161,22,0,0,0,0,Corales saludables y en crecimiento.,Emma
DSCN3811,149,Playa Blanca,,arana pequena,,,4,2023,abr-24,NA,NA,NA,NA,NA,NA,Etiqueta arana,Emma
DSCN3812,149,Playa Blanca,,arana pequena,,,4,2023,abr-24,551.040,22,0,0,2,0,NA,Emma
DSCN3773,150,Playa Blanca,,arana pequena,,,4,2023,abr-24,NA,NA,NA,NA,NA,NA,Etiqueta arana,Emma
DSCN3794,150,Playa Blanca,,arana pequena,,,4,2023,abr-24,541.578,15,0,0,3,0,NA,Emma
DSCN3831,151,Playa Blanca,,arana pequena,,,4,2023,abr-24,NA,NA,NA,NA,NA,NA,Etiqueta arana,Emma
DSCN3832,151,Playa Blanca,,arana pequena,,,4,2023,abr-24,726.338,21,1,0,2,0,NA,Emma
DSCN3821,154,Playa Blanca,,arana pequena,,,4,2023,abr-24,NA,NA,NA,NA,NA,NA,Etiqueta arana,Emma
DSCN3822,154,Playa Blanca,,arana pequena,,,4,2023,abr-24,651.557,18,0,0,0,0,NA,Emma
DSCN3785,375,Playa Blanca,,arana pequena,,,4,2023,abr-24,NA,NA,NA,NA,NA,NA,Etiqueta arana,Emma
DSCN3786,375,Playa Blanca,,arana pequena,,,4,2023,abr-24,195.286,19,0,0,0,0,NA,Emma
DSCN3781,378,Playa Blanca,,arana pequena,,,4,2023,abr-24,NA,NA,NA,NA,NA,NA,Etiqueta arana,Emma
DSCN3782,378,Playa Blanca,,arana pequena,,,4,2023,abr-24,427.466,28,0,0,0,0,NA,Emma
DSCN3791,379,Playa Blanca,,arana pequena,,,4,2023,abr-24,NA,NA,NA,NA,NA,NA,Etiqueta arana,Emma
DSCN3792,379,Playa Blanca,,arana pequena,,,4,2023,abr-24,202.178,25,1,0,0,0,NA,Emma
NA,380,Playa Blanca,,arana pequena,,,4,2023,abr-24,NA,NA,NA,NA,NA,NA,Etiqueta arana,Emma
DSCN3744,380,Playa Blanca,,arana pequena,,,4,2023,abr-24,201.364,25,0,0,0,0,NA,Emma
NA,149,Playa Blanca,,arana pequena,,,3,2023,mar-24,NA,NA,NA,NA,NA,NA,Etiqueta arana,Emma
DSCN2764,149,Playa Blanca,,arana pequena,,,3,2023,mar-24,433.186,22,0,0,2,0,NA,Emma
No Photo,150,Playa Blanca,,arana pequena,,,3,2023,mar-24,NA,NA,NA,NA,NA,NA,Etiqueta arana,Emma
No Photo,150,Playa Blanca,,arana pequena,,,3,2023,mar-24,NA,NA,NA,NA,NA,NA,NA,Emma
NA,151,Playa Blanca,,arana pequena,,,3,2023,mar-24,NA,NA,NA,NA,NA,NA,Etiqueta arana,Emma
DSCN2778,151,Playa Blanca,,arana pequena,,,3,2023,mar-24,764.716,23,1,0,2,0,NA,Emma
NA,154,Playa Blanca,,arana pequena,,,3,2023,mar-24,NA,NA,NA,NA,NA,NA,Etiqueta arana,Emma
DSCN2766,154,Playa Blanca,,arana pequena,,,3,2023,mar-24,564.254,18,0,0,0,0,NA,Emma
No Photo,375,Playa Blanca,,arana pequena,,,3,2023,mar-24,NA,NA,NA,NA,NA,NA,Etiqueta arana,Emma
No Photo,375,Playa Blanca,,arana pequena,,,3,2023,mar-24,NA,NA,NA,NA,NA,NA,NA,Emma
No Photo,378,Playa Blanca,,arana pequena,,,3,2023,mar-24,NA,NA,NA,NA,NA,NA,Etiqueta arana,Emma
No Photo,378,Playa Blanca,,arana pequena,,,3,2023,mar-24,NA,NA,NA,NA,NA,NA,NA,Emma
No Photo,379,Playa Blanca,,arana pequena,,,3,2023,mar-24,NA,NA,NA,NA,NA,NA,Etiqueta arana,Emma
No Photo,379,Playa Blanca,,arana pequena,,,3,2023,mar-24,NA,NA,NA,NA,NA,NA,NA,Emma
No Photo,380,Playa Blanca,,arana pequena,,,3,2023,mar-24,NA,NA,NA,NA,NA,NA,Etiqueta arana,Emma
No Photo,380,Playa Blanca,,arana pequena,,,3,2023,mar-24,NA,NA,NA,NA,NA,NA,NA,Emma
NA,149,Playa Blanca,,arana pequena,,,1,2023,ene-24,NA,NA,NA,NA,NA,NA,Etiqueta arana,Emma
DSCN1256,149,Playa Blanca,,arana pequena,,,1,2023,ene-24,256.528,20,1,0,1,0,Model N: 11/15/2022,Emma
NA,150,Playa Blanca,,arana pequena,,,1,2023,ene-24,NA,NA,NA,NA,NA,NA,Etiqueta arana,Emma
DSCN1255,150,Playa Blanca,,arana pequena,,,1,2023,ene-24,348.615,15,0,0,3,0,La foto fue tomada desde un ángulo que podría sesgar la escala; recortada en la parte superior.,Emma
NA,151,Playa Blanca,,arana pequena,,,1,2023,ene-24,NA,NA,NA,NA,NA,NA,Etiqueta arana,Emma
DSCN1233,151,Playa Blanca,,arana pequena,,,1,2023,ene-24,116.458,18,0,0,2,0,La foto está recortada en la parte superior.,Emma
NA,154,Playa Blanca,,arana pequena,,,1,2023,ene-24,NA,NA,NA,NA,NA,NA,Etiqueta arana,Emma
DSCN1258,154,Playa Blanca,,arana pequena,,,1,2023,ene-24,384.095,23,0,0,0,0,NA,Emma
No Photo,375,Playa Blanca,,arana pequena,,,1,2023,ene-24,NA,NA,NA,NA,NA,NA,Etiqueta arana,Emma
No Photo,375,Playa Blanca,,arana pequena,,,1,2023,ene-24,NA,NA,NA,NA,NA,NA,NA,Emma
No Photo,378,Playa Blanca,,arana pequena,,,1,2023,ene-24,NA,NA,NA,NA,NA,NA,Etiqueta arana,Emma
No Photo,378,Playa Blanca,,arana pequena,,,1,2023,ene-24,NA,NA,NA,NA,NA,NA,NA,Emma
No Photo,379,Playa Blanca,,arana pequena,,,1,2023,ene-24,NA,NA,NA,NA,NA,NA,Etiqueta arana,Emma
No Photo,379,Playa Blanca,,arana pequena,,,1,2023,ene-24,NA,NA,NA,NA,NA,NA,NA,Emma
No Photo,380,Playa Blanca,,arana pequena,,,1,2023,ene-24,NA,NA,NA,NA,NA,NA,Etiqueta arana,Emma
No Photo,380,Playa Blanca,,arana pequena,,,1,2023,ene-24,NA,NA,NA,NA,NA,NA,NA,Emma
P1280193,149,Playa Blanca,,Araña Pequena,,,1,2024,ene-24,NA,NA,NA,NA,NA,NA,Etiqueta arana,Emma
P1280194,149,Playa Blanca,,Araña Pequena,,,1,2024,ene-24,25.920,11,9,1,8,0,-,Emma
No Photo,150,Playa Blanca,,Araña Pequena,,,1,2024,ene-24,NA,NA,NA,NA,NA,NA,Etiqueta arana,Emma
No Photo,150,Playa Blanca,,Araña Pequena,,,1,2024,ene-24,NA,NA,NA,NA,NA,NA,-,Emma
P1280227,151,Playa Blanca,,Araña Pequena,,,1,2024,ene-24,NA,NA,NA,NA,NA,NA,Etiqueta arana,Emma
P1280229,151,Playa Blanca,,Araña Pequena,,,1,2024,ene-24,505.410,12,2,0,5,0,-,Emma
P1280186,154,Playa Blanca,,Araña Pequena,,,1,2024,ene-24,NA,NA,NA,NA,NA,NA,Etiqueta arana,Emma
P1280188,154,Playa Blanca,,Araña Pequena,,,1,2024,ene-24,260.380,18,3,1,2,0,-,Emma
P1280248,375,Playa Blanca,,Araña Pequena,,,1,2024,ene-24,NA,NA,NA,NA,NA,NA,Etiqueta arana,Emma
P1280249,375,Playa Blanca,,Araña Pequena,,,1,2024,ene-24,329.340,19,0,3,3,0,-,Emma
P1280254,378,Playa Blanca,,Araña Pequena,,,1,2024,ene-24,NA,NA,NA,NA,NA,NA,Etiqueta arana,Emma
P1280255,378,Playa Blanca,,Araña Pequena,,,1,2024,ene-24,252.840,16,1,0,9,0,-,Emma
P1280297,379,Playa Blanca,,Araña Pequena,,,1,2024,ene-24,NA,NA,NA,NA,NA,NA,Etiqueta arana,Emma
P1280298,379,Playa Blanca,,Araña Pequena,,,1,2024,ene-24,256.550,17,1,3,12,0,-,Emma
P1280314,380,Playa Blanca,,Araña Pequena,,,1,2024,ene-24,NA,NA,NA,NA,NA,NA,Etiqueta arana,Emma
P1280315,380,Playa Blanca,,Araña Pequena,,,1,2024,ene-24,423.970,18,1,2,7,0,-,Emma
P1280219,58,Playa Blanca,,arana pequena,,,1,2024,ene-24,92.313,17,7,1,0,0,,Priscilla
P1280240,60,Playa Blanca,,arana pequena,,,1,2024,ene-24,892.158,7,4,0,4,1,,Priscilla
P1280177,62,Playa Blanca,,arana pequena,,,1,2024,ene-24,598.382,23,8,2,2,0,,Priscilla
P1280207,64,Playa Blanca,,arana pequena,,,1,2024,ene-24,394.862,25,11,2,2,0,,Priscilla
P1280244,66,Playa Blanca,,arana pequena,,,1,2024,ene-24,307.953,16,5,2,5,0,,Priscilla
DSCN3790,394,Playa Blanca,,arana pequena,,,4,2023,abr-24,400.418,24,0,0,0,3,,Priscilla
DSCN3742,395,Playa Blanca,,arana pequena,,,4,2023,abr-24,276.435,21,2,0,0,3,,Priscilla
DSCN3778,396,Playa Blanca,,arana pequena,,,4,2023,abr-24,322.059,13,0,0,0,1,,Priscilla
DSCN4601,394,Playa Blanca,,arana pequena,,,5,2023,may-24,679.525,24,0,3,0,0,,Priscilla
DSCN4613,396,Playa Blanca,,arana pequena,,,5,2023,may-24,358.013,13,0,0,0,0,,Priscilla
DSCN4601,394,Playa Blanca,,arana pequena,,,6,2023,jun-24,564.789,23,0,2,1,2,,Priscilla
DSCN4613,396,Playa Blanca,,arana pequena,,,6,2023,jun-24,467.23,12,0,0,1,0,,Priscilla
DSCN8843,394,Playa Blanca,,arana pequena,,,7,2023,jul-24,888.758,21,0,0,2,2,,Priscilla
DSCN8917,395,Playa Blanca,,arana pequena,,,7,2023,jul-24,517.459,19,0,0,2,0,,Priscilla
DSCN8860,396,Playa Blanca,,arana pequena,,,7,2023,jul-24,531.384,13,0,0,0,0,,Priscilla
DSCN9982,394,Playa Blanca,,arana pequena,,,8,2023,ago-24,628.547,20,0,0,1,1,,Priscilla
DSCN9948,395,Playa Blanca,,arana pequena,,,8,2023,ago-24,725.92,18,0,0,0,0,,Priscilla
P9232663,395,Playa Blanca,,arana pequena,,,9,2023,sep-24,733.627,18,0,0,3,3,todos están medio blanqueados,Priscilla
PA210926,394,Playa Blanca,,arana pequena,,,10,2023,oct-24,857.849,21,0,0,0,16,El coral que sale cortado en la imagen lo medi en la foto PA210948. Todos están medio blanqueados,Priscilla
PA210999,395,Playa Blanca,,arana pequena,,,10,2023,oct-24,818.793,18,0,0,0,18,,Priscilla
DSCN2189,394,Playa Blanca,,arana pequena,,,11,2023,nov-24,470.379,20,4,7,1,11,todos están medio blanqueados,Priscilla
DSCN2305,395,Playa Blanca,,arana pequena,,,11,2023,nov-24,409.992,18,6,8,0,17,,Priscilla
DSCN2216,396,Playa Blanca,,arana pequena,,,11,2023,nov-24,254.591,13,3,4,0,12,,Priscilla
P1280247,394,Playa Blanca,,arana pequena,,,1,2024,ene-24,331.068,16,8,1,0,0,,Priscilla
P1280259,395,Playa Blanca,,arana pequena,,,1,2024,ene-24,364.438,21,1,1,7,0,hay dos medio blanqueados. Creo que pusieron nuevos fragmentos,Priscilla
PA210972,396,Playa Blanca,,arana pequena,,,10,2023,oct-24,604.567,13,0,1,1,11,todos están medio blanqueados,Priscilla
P1280161,59,Playa Blanca,,arana pequena,,,1,2024,ene-24,NA,NA,NA,NA,NA,NA,Etiqueta arana,Amanda
P1280161,59,Playa Blanca,,arana pequena,,,1,2024,ene-24,NA,NA,NA,NA,NA,NA,Etiqueta arana,Amanda
P1280162,59,Playa Blanca,,arana pequena,,,1,2024,ene-24,326.324,10,13,3,0,0,Gran mortalidad,Amanda
P1280156,82,Playa Blanca,,arana pequena,,,1,2024,ene-24,NA,NA,NA,NA,NA,NA,Etiqueta arana,Amanda
P1280157,82,Playa Blanca,,arana pequena,,,1,2024,ene-24,NA,NA,NA,NA,NA,NA,Replica,Amanda
P1280158,82,Playa Blanca,,arana pequena,,,1,2024,ene-24,155.128,10,13,4,1,2,Gran mortalidad,Amanda
P1280169,99,Playa Blanca,,arana pequena,,,1,2024,ene-24,NA,NA,NA,NA,NA,NA,Etiqueta arana,Amanda
P1280170,99,Playa Blanca,,arana pequena,,,1,2024,ene-24,NA,NA,NA,NA,NA,NA,Replica,Amanda
P1280171,99,Playa Blanca,,arana pequena,,,1,2024,ene-24,324.915,10,10,9,2,7,Gran mortalidad,Amanda
P1280163,115,Playa Blanca,,arana pequena,,,1,2024,ene-24,NA,NA,NA,NA,NA,NA,Etiqueta arana,Amanda
P1280164,115,Playa Blanca,,arana pequena,,,1,2024,ene-24,NA,NA,NA,NA,NA,NA,Replica,Amanda
P1280165,115,Playa Blanca,,arana pequena,,,1,2024,ene-24,102.244,7,13,4,0,1,Gran mortalidad,Amanda
P1280172,146,Playa Blanca,,arana pequena,,,1,2024,ene-24,NA,NA,NA,NA,NA,NA,Etiqueta arana,Amanda
P1280173,146,Playa Blanca,,arana pequena,,,1,2024,ene-24,NA,NA,NA,NA,NA,NA,Replica,Amanda
P1280174,146,Playa Blanca,,arana pequena,,,1,2024,ene-24,621.129,16,9,12,2,7,Gran mortalidad,Amanda
P1280159,147,Playa Blanca,,arana pequena,,,1,2024,ene-24,NA,NA,NA,NA,NA,NA,Etiqueta arana,Amanda
P1280160,147,Playa Blanca,,arana pequena,,,1,2024,ene-24,269.511,9,10,6,2,4,Gran mortalidad,Amanda
P1280166,155,Playa Blanca,,arana pequena,,,1,2024,ene-24,NA,NA,NA,NA,NA,NA,Etiqueta arana,Amanda
P1280167,155,Playa Blanca,,arana pequena,,,1,2024,ene-24,NA,NA,NA,NA,NA,NA,Replica,Amanda
P1280168,155,Playa Blanca,,arana pequena,,,1,2024,ene-24,323.995,8,14,6,1,6,Gran mortalidad,Amanda
DSCN9739,58,Playa Blanca,,arana pequena,,,2,2024,feb-24,111.052,12,4,0,5,1,baja visibilidad,Priscilla
DSCN9735,60,Playa Blanca,,arana pequena,,,2,2024,feb-24,43.876,4,2,0,4,0,baja visibilidad,Priscilla
DSCN9799,62,Playa Blanca,,arana pequena,,,2,2024,feb-24,679.683,20,6,0,2,0,baja visibilidad,Priscilla
DSCN9795,64,Playa Blanca,,arana pequena,,,2,2024,feb-24,471.819,22,8,0,3,0,baja visibilidad,Priscilla
DSCN9731,66,Playa Blanca,,arana pequena,,,2,2024,feb-24,513.864,12,0,0,2,0,baja visibilidad,Priscilla
DSCN9727,394,Playa Blanca,,arana pequena,,,2,2024,feb-24,523.710,13,5,0,0,0,baja visibilidad,Priscilla
DSCN9701,395,Playa Blanca,,arana pequena,,,2,2024,feb-24,412.375,19,2,0,0,0,baja visibilidad,Priscilla
DSCN9713,396,Playa Blanca,,arana pequena,,,2,2024,feb-24,376.023,18,1,0,2,0,baja visibilidad,Priscilla
PA210913,68,Playa Blanca,,arana pequena,,,10,2023,oct-24,893.389,22,0,0,1,22,Todos los fragmentos blanqueados,Daniela
PA210911,68,Playa Blanca,,arana pequena,,,10,2023,oct-24,NA,NA,NA,NA,NA,NA,Etiqueta arana,Daniela
PA211031,70,Playa Blanca,,arana pequena,,,10,2023,oct-24,749.781,24,0,5,0,24,Todos los fragmentos blanqueados,Daniela
PA211029,70,Playa Blanca,,arana pequena,,,10,2023,oct-24,NA,NA,NA,NA,NA,NA,Etiqueta arana,Daniela
PA210879,72,Playa Blanca,,arana pequena,,,10,2023,oct-24,1.300,19,0,0,3,18,Solo 1 fragmento no se blanqueó,Daniela
PA210877,72,Playa Blanca,,arana pequena,,,10,2023,oct-24,NA,NA,NA,NA,NA,NA,Etiqueta arana,Daniela
PA210871,73,Playa Blanca,,arana pequena,,,10,2023,oct-24,935.152,23,0,1,1,21,"Algas en parte de los fragmentos, la mayoría blanqueados",Daniela
PA210870,73,Playa Blanca,,arana pequena,,,10,2023,oct-24,NA,NA,NA,NA,NA,NA,Etiqueta arana,Daniela
PA210840,74,Playa Blanca,,arana pequena,,,10,2023,oct-24,974.11,15,0,1,1,15,Todos los fragmentos blanqueados,Daniela
PA210837,74,Playa Blanca,,arana pequena,,,10,2023,oct-24,NA,NA,NA,NA,NA,NA,Etiqueta arana,Daniela
DSCN2177,68,Playa Blanca,,arana pequena,,,11,2023,nov-24,857.703,22,0,5,1,22,"Todos los fragmentos blanqueados, 5 tienen alga",Daniela
DSCN2175,68,Playa Blanca,,arana pequena,,,11,2023,nov-24,NA,NA,NA,NA,NA,NA,Etiqueta arana,Daniela
DSCN2263,70,Playa Blanca,,arana pequena,,,11,2023,nov-24,755.890,24,0,5,0,24,Todos los fragmentos blanqueados y 5 tiene algas,Daniela
DSCN2261,70,Playa Blanca,,arana pequena,,,11,2023,nov-24,NA,NA,NA,NA,NA,NA,Etiqueta arana,Daniela
DSCN2149,72,Playa Blanca,,arana pequena,,,11,2023,nov-24,780.978,19,1,4,3,18,"Solo 1 fragmento no se blanqueó, fragmentos con algas",Daniela
DSCN2147,72,Playa Blanca,,arana pequena,,,11,2023,nov-24,NA,NA,NA,NA,NA,NA,Etiqueta arana,Daniela
DSCN2142,73,Playa Blanca,,arana pequena,,,11,2023,nov-24,699.215,23,4,6,1,21,"Algas en parte de los fragmentos, la mayoría blanqueados",Daniela
DSCN2141,73,Playa Blanca,,arana pequena,,,11,2023,nov-24,NA,NA,NA,NA,NA,NA,Etiqueta arana,Daniela
DSCN2110,74,Playa Blanca,,arana pequena,,,11,2023,nov-24,620.708,15,0,5,1,15,Todos los fragmentos blanqueados,Daniela
DSCN2108,74,Playa Blanca,,arana pequena,,,11,2023,nov-24,NA,NA,NA,NA,NA,NA,Etiqueta arana,Daniela
P1280234,68,Playa Blanca,,arana pequena,,,1,2024,ene-24,293.914,6,16,5,1,0,Solo 6 se ven con color,Daniela
P1280233,68,Playa Blanca,,arana pequena,,,1,2024,ene-24,NA,NA,NA,NA,NA,NA,Etiqueta arana,Daniela
P1280338,70,Playa Blanca,,arana pequena,,,1,2024,ene-24,311.657,15,9,2,0,0,Me parece que hay 15 nuevos fragmentos,Daniela
P1280337,70,Playa Blanca,,arana pequena,,,1,2024,ene-24,NA,NA,NA,NA,NA,NA,Etiqueta arana,Daniela
P1280198,72,Playa Blanca,,arana pequena,,,1,2024,ene-24,291.637,4,0,0,1,0,Actualmente solo tiene 4 fragmentos ,Daniela
P1280196,72,Playa Blanca,,arana pequena,,,1,2024,ene-24,NA,NA,NA,NA,NA,NA,Etiqueta arana,Daniela
P1280210,73,Playa Blanca,,arana pequena,,,1,2024,ene-24,603.433,11,4,0,0,0,,Daniela
P1280209,73,Playa Blanca,,arana pequena,,,1,2024,ene-24,NA,NA,NA,NA,NA,NA,Etiqueta arana,Daniela
P1280154,74,Playa Blanca,,arana pequena,,,1,2024,ene-24,667.909,19,3,0,0,0,,Daniela
P1280153,74,Playa Blanca,,arana pequena,,,1,2024,ene-24,NA,NA,NA,NA,NA,NA,Etiqueta arana,Daniela
DSCN9741,68,Playa Blanca,,arana pequena,,,2,2024,feb-24,21.549,6,16,7,1,0,"Solo 4 se ven con color, la imagen se ve muy verde",Daniela
DSCN9740,68,Playa Blanca,,arana pequena,,,2,2024,feb-24,NA,NA,NA,NA,NA,NA,Etiqueta arana,Daniela
DSCN9686,70,Playa Blanca,,arana pequena,,,2,2024,feb-24,10.807,13,0,0,0,0,"Foto con poca visibilidad, parece que hay 13 fragmentos con color",Daniela
DSCN9684,70,Playa Blanca,,arana pequena,,,2,2024,feb-24,NA,NA,NA,NA,NA,NA,Etiqueta arana,Daniela
DSCN9755,72,Playa Blanca,,arana pequena,,,2,2024,feb-24,62.616,4,0,0,0,0,"Poca visibilidad, actualmente solo tiene 4 fragmentos ",Daniela
DSCN9754,72,Playa Blanca,,arana pequena,,,2,2024,feb-24,NA,NA,NA,NA,NA,NA,Etiqueta arana,Daniela
DSCN9789,73,Playa Blanca,,arana pequena,,,2,2024,feb-24,37.593,11,0,0,0,0,,Daniela
DSCN9788,73,Playa Blanca,,arana pequena,,,2,2024,feb-24,NA,NA,NA,NA,NA,NA,Etiqueta arana,Daniela
DSCN9819,74,Playa Blanca,,arana pequena,,,2,2024,feb-24,20.978,11,0,0,0,0,"Poca visibilidad, se ven solo 11 fragmentos",Daniela
DSCN9818,74,Playa Blanca,,arana pequena,,,2,2024,feb-24,NA,NA,NA,NA,NA,NA,Etiqueta arana,Daniela
PA210920,139,Playa Blanca,,arana pequena,,,10,2023,oct-24,12.532,13,0,2,0,11,Corales totalmente blanqueados,Jorge
PA210883,140,Playa Blanca,,arana pequena,,,10,2023,oct-24,118.292,21,0,0,0,18,Corales totalmente blanqueados,Jorge
PA210874,143,Playa Blanca,,arana pequena,,,10,2023,oct-24,168.037,25,0,10,0,15,Corales totalmente blanqueados,Jorge
PA210876,144,Playa Blanca,,arana pequena,,,10,2023,oct-24,63.361,17,0,3,0,14,Corales totalmente blanqueados,Jorge
PA210904,148,Playa Blanca,,arana pequena,,,10,2023,oct-24,103.161,16,0,2,0,14,Corales totalmente blanqueados,Jorge
DSCN2181,139,Playa Blanca,,arana pequena,,,11,2023,nov-24,35.663,13,0,1,0,12,Corales totalmente blanqueados,Jorge
DSCN2153,140,Playa Blanca,,arana pequena,,,11,2023,nov-24,139.013,18,0,1,0,13,Algunos corales se recuperan un poco,Jorge
DSCN2140,143,Playa Blanca,,arana pequena,,,11,2023,nov-24,241.088,25,0,3,0,15,Algunos corales se recuperan un poco,Jorge
DSCN2146,144,Playa Blanca,,arana pequena,,,11,2023,nov-24,16.719,17,0,1,0,16,Blanqueados,Jorge
DSCN2168,148,Playa Blanca,,arana pequena,,,11,2023,nov-24,22.216,16,0,0,0,16,Blanqueados con algas,Jorge
P1280236,139,Playa Blanca,,arana pequena,,,1,2024,24-Jan,62.175,2,0,1,11,0,,Jorge
P1280192,140,Playa Blanca,,arana pequena,,,1,2024,24-Jan,304.593,10,0,0,8,0,Corales recuperándose,Jorge
P1280205,143,Playa Blanca,,arana pequena,,,1,2024,24-Jan,537.371,25,7,0,0,0,Algunos corales recuperándose,Jorge
P1280201,144,Playa Blanca,,arana pequena,,,1,2024,24-Jan,230.267,19,0,0,0,0,,Jorge
P1280224,148,Playa Blanca,,arana pequena,,,1,2024,24-Jan,214.743,9,0,0,0,0,Foto movida,Jorge
DSCN9737,139,Playa Blanca,,arana pequena,,,2,2024,feb-24,63.951,2,0,0,0,0,Agua con poca visibilidad,Jorge
DSCN9757,140,Playa Blanca,,arana pequena,,,2,2024,feb-24,449.590,9,0,1,0,0,Agua con poca visibilidad,Jorge
DSCN9791,143,Playa Blanca,,arana pequena,,,2,2024,feb-24,687.163,17,4,4,0,0,Agua con poca visibilidad,Jorge
DSCN9793,144,Playa Blanca,,arana pequena,,,2,2024,feb-24,246.601,19,0,0,0,0,Agua con poca visibilidad,Jorge
DSCN9749,148,Playa Blanca,,arana pequena,,,2,2023,abr-23,225.265,8,0,1,0,0,Agua con poca visibilidad,Jorge
DSCN3752,386,Playa Blanca,,arana pequena,,,4,2023,abr-23,248.642,23,0,1,0,0,,Eliana
DSCN3764,387,Playa Blanca,,arana pequena,,,4,2023,abr-23,272.461,22,0,0,0,0,,Eliana
DSCN3768,390,Playa Blanca,,arana pequena,,,4,2023,abr-23,307.0700,22,0,0,0,0,,Eliana
DSCN9812,59,Playa Blanca,,arana pequena,,,2,2024,feb-24,NA,NA,NA,NA,NA,NA,Etiqueta arana,Amanda
DSCN9813,59,Playa Blanca,,arana pequena,,,2,2024,feb-24,290.169,7,13,7,1,6,Baja visibilidad,Amanda
DSCN9808,82,Playa Blanca,,arana pequena,,,2,2024,feb-24,NA,NA,NA,NA,NA,NA,Etiqueta arana,Amanda
DSCN9809,82,Playa Blanca,,arana pequena,,,2,2024,feb-24,NA,NA,NA,NA,NA,NA,Replica,Amanda
DSCN9816,82,Playa Blanca,,arana pequena,,,2,2024,feb-24,NA,NA,NA,NA,NA,NA,Etiqueta arana,Amanda
DSCN9817,82,Playa Blanca,,arana pequena,,,2,2024,feb-24,118.392,8,17,8,1,4,Baja visibilidad,Amanda
DSCN9802,99,Playa Blanca,,arana pequena,,,2,2024,feb-24,NA,NA,NA,NA,NA,NA,Etiqueta arana,Amanda
DSCN9803,99,Playa Blanca,,arana pequena,,,2,2024,feb-24,319.788,9,8,8,3,3,Baja visibilidad,Amanda
DSCN9806,115,Playa Blanca,,arana pequena,,,2,2024,feb-24,NA,NA,NA,NA,NA,NA,Etiqueta arana,Amanda
DSCN9807,115,Playa Blanca,,arana pequena,,,2,2024,feb-24,117.679,6,12,5,0,3,Baja visibilidad,Amanda
DSCN9800,146,Playa Blanca,,arana pequena,,,2,2024,feb-24,NA,NA,NA,NA,NA,NA,Etiqueta arana,Amanda
DSCN9801,146,Playa Blanca,,arana pequena,,,2,2024,feb-24,771.511,15,6,12,5,10,Baja visibilidad,Amanda
DSCN9814,147,Playa Blanca,,arana pequena,,,2,2024,feb-24,NA,NA,NA,NA,NA,NA,Etiqueta arana,Amanda
DSCN9815,147,Playa Blanca,,arana pequena,,,2,2024,feb-24,256.719,9,11,1,0,8,Baja visibilidad,Amanda
DSCN9804,155,Playa Blanca,,arana pequena,,,2,2024,feb-24,NA,NA,NA,NA,NA,NA,Etiqueta arana,Amanda
DSCN9805,155,Playa Blanca,,arana pequena,,,2,2024,feb-24,479.697,8,13,5,1,7,Baja visibilidad,Amanda
DSCN9810,155,Playa Blanca,,arana pequena,,,2,2024,feb-24,NA,NA,NA,NA,NA,NA,Etiqueta arana,Amanda
DSCN9811,155,Playa Blanca,,arana pequena,,,2,2024,feb-24,NA,NA,NA,NA,NA,NA,Replica,Amanda
P3230122,59,Playa Blanca,,arana pequena,,,3,2024,mar-24,NA,NA,NA,NA,NA,NA,Etiqueta arana,Amanda
P3230123,59,Playa Blanca,,arana pequena,,,3,2024,mar-24,306.333,8,9,7,0,3,Gran mortalidad,Amanda
P3230129,82,Playa Blanca,,arana pequena,,,3,2024,mar-24,NA,NA,NA,NA,NA,NA,Etiqueta arana,Amanda
P3230130,82,Playa Blanca,,arana pequena,,,3,2024,mar-24,NA,NA,NA,NA,NA,NA,Replica,Amanda
P3230131,82,Playa Blanca,,arana pequena,,,3,2024,mar-24,201.833,10,14,10,1,6,Gran mortalidad,Amanda
P3230138,99,Playa Blanca,,arana pequena,,,3,2024,mar-24,NA,NA,NA,NA,NA,NA,Etiqueta arana,Amanda
P3230139,99,Playa Blanca,,arana pequena,,,3,2024,mar-24,430.700,10,10,9,0,0,Gran mortalidad,Amanda
P3230127,115,Playa Blanca,,arana pequena,,,3,2024,mar-24,NA,NA,NA,NA,NA,NA,Etiqueta arana,Amanda
P3230128,115,Playa Blanca,,arana pequena,,,3,2024,mar-24,188.492,7,13,6,3,0,Gran mortalidad,Amanda
P3230140,146,Playa Blanca,,arana pequena,,,3,2024,mar-24,NA,NA,NA,NA,NA,NA,Etiqueta arana,Amanda
P3230141,146,Playa Blanca,,arana pequena,,,3,2024,mar-24,784.354,17,8,9,2,6,Mortalidad moderada,Amanda
P3230119,147,Playa Blanca,,arana pequena,,,3,2024,mar-24,NA,NA,NA,NA,NA,NA,Etiqueta arana,Amanda
P3230120,147,Playa Blanca,,arana pequena,,,3,2024,mar-24,399.240,10,9,7,2,6,Mortalidad moderada,Amanda
P3230121,147,Playa Blanca,,arana pequena,,,3,2024,mar-24,NA,NA,NA,NA,NA,NA,Replica,Amanda
P3230124,155,Playa Blanca,,arana pequena,,,3,2024,mar-24,NA,NA,NA,NA,NA,NA,Etiqueta arana,Amanda
P3230125,155,Playa Blanca,,arana pequena,,,3,2024,mar-24,559.049,8,11,5,3,3,Gran mortalidad,Amanda
P3230126,155,Playa Blanca,,arana pequena,,,3,2024,mar-24,NA,NA,NA,NA,NA,NA,Replica,Amanda
DSCN9752,149,Playa Blanca,,arana pequena,,,2,2024,feb-24,NA,NA,NA,NA,NA,NA,Etiqueta arana,Emma
DSCN9753,149,Playa Blanca,,arana pequena,,,2,2024,feb-24,18.170,11,10,0,6,0,NA,Emma
No Photo,150,Playa Blanca,,arana pequena,,,2,2024,feb-24,NA,NA,NA,NA,NA,NA,Etiqueta arana,Emma
No Photo,150,Playa Blanca,,arana pequena,,,2,2024,feb-24,NA,NA,NA,NA,NA,NA,NA,Emma
DSCN9744,151,Playa Blanca,,arana pequena,,,2,2024,feb-24,NA,NA,NA,NA,NA,NA,Etiqueta arana,Emma
DSCN9745,151,Playa Blanca,,arana pequena,,,2,2024,feb-24,438.360,9,0,0,9,0,NA,Emma
DSCN9760,154,Playa Blanca,,arana pequena,,,2,2024,feb-24,NA,NA,NA,NA,NA,NA,Etiqueta arana,Emma
DSCN9761,154,Playa Blanca,,arana pequena,,,2,2024,feb-24,250.430,15,1,0,4,0,NA,Emma
DSCN9724,375,Playa Blanca,,arana pequena,,,2,2024,feb-24,NA,NA,NA,NA,NA,NA,Etiqueta arana,Emma
DSCN9725,375,Playa Blanca,,arana pequena,,,2,2024,feb-24,233.730,14,1,1,5,0,NA,Emma
DSCN9716,378,Playa Blanca,,arana pequena,,,2,2024,feb-24,NA,NA,NA,NA,NA,NA,Etiqueta arana,Emma
DSCN9717,378,Playa Blanca,,arana pequena,,,2,2024,feb-24,264.440,15,2,0,7,0,NA,Emma
DSCN9728,379,Playa Blanca,,arana pequena,,,2,2024,feb-24,NA,NA,NA,NA,NA,NA,Etiqueta arana,Emma
DSCN9729,379,Playa Blanca,,arana pequena,,,2,2024,feb-24,22.270,15,2,2,3,0,NA,Emma
DSCN9702,380,Playa Blanca,,arana pequena,,,2,2024,feb-24,NA,NA,NA,NA,NA,NA,Etiqueta arana,Emma
DSCN9703,380,Playa Blanca,,arana pequena,,,2,2024,feb-24,332.270,14,0,1,3,0,NA,Emma
P3230174,149,Playa Blanca,,arana pequena,,,3,2024,mar-24,NA,NA,NA,NA,NA,NA,Etiqueta arana,Emma
P3230176,149,Playa Blanca,,arana pequena,,,3,2024,mar-24,24.080,1,3,0,9,0,NA,Emma
P3230246,150,Playa Blanca,,arana pequena,,,3,2024,mar-24,NA,NA,NA,NA,NA,NA,Etiqueta arana,Emma
P3230248,150,Playa Blanca,,arana pequena,,,3,2024,mar-24,122.269,2,5,0,7,0,NA,Emma
P3230201,151,Playa Blanca,,arana pequena,,,3,2024,mar-24,NA,NA,NA,NA,NA,NA,Etiqueta arana,Emma
P3230203,151,Playa Blanca,,arana pequena,,,3,2024,mar-24,517.220,9,0,0,6,0,NA,Emma
P3230172,154,Playa Blanca,,arana pequena,,,3,2024,mar-24,NA,NA,NA,NA,NA,NA,Etiqueta arana,Emma
P3230173,154,Playa Blanca,,arana pequena,,,3,2024,mar-24,260.030,14,1,0,1,0,NA,Emma
P3230219,375,Playa Blanca,,arana pequena,,,3,2024,mar-24,NA,NA,NA,NA,NA,NA,Etiqueta arana,Emma
P3230220,375,Playa Blanca,,arana pequena,,,3,2024,mar-24,428.910,17,1,0,2,0,NA,Emma
P3230226,378,Playa Blanca,,arana pequena,,,3,2024,mar-24,NA,NA,NA,NA,NA,NA,Etiqueta arana,Emma
P3230228,378,Playa Blanca,,arana pequena,,,3,2024,mar-24,431.480,16,0,0,1,0,NA,Emma
P3230235,379,Playa Blanca,,arana pequena,,,3,2024,mar-24,NA,NA,NA,NA,NA,NA,Etiqueta arana,Emma
P3230237,379,Playa Blanca,,arana pequena,,,3,2024,mar-24,410.950,15,3,0,1,0,NA,Emma
P3230270,380,Playa Blanca,,arana pequena,,,3,2024,mar-24,NA,NA,NA,NA,NA,NA,Etiqueta arana,Emma
P3230271,380,Playa Blanca,,arana pequena,,,3,2024,mar-24,475.900,14,1,3,1,0,NA,Emma
P3230283,381,Playa Blanca,,arana pequena,,,3,2024,mar-24,377.231,19,4,10,0,2,,Mack
P3230273,382,Playa Blanca,,arana pequena,,,3,2024,mar-24,290.293,15,1,6,0,3,,Mack
P3230266,383,Playa Blanca,,arana pequena,,,3,2024,mar-24,462.709,18,2,10,2,3,,Mack
P3230285,384,Playa Blanca,,arana pequena,,,3,2024,mar-24,360.334,24,9,10,0,3,,Mack
P3230239,385,Playa Blanca,,arana pequena,,,3,2024,mar-24,85.441,4,1,2,8,0,,Mack
DSCN9690,381,Playa Blanca,,arana pequena,,,2,2024,feb-24,310.892,19,3,5,6,7,,Mack
DSCN9705,382,Playa Blanca,,arana pequena,,,2,2024,feb-24,236.398,15,1,3,3,3,agua turbia,Mack
DSCN9698,383,Playa Blanca,,arana pequena,,,2,2024,feb-24,488.113,18,3,4,3,4,,Mack
DSCN9688,384,Playa Blanca,,arana pequena,,,2,2024,feb-24,323.233,24,8,6,7,3,,Mack
DSCN9715,385,Playa Blanca,,arana pequena,,,2,2024,feb-24,84.111,7,4,1,6,1,,Mack
P1280330,381,Playa Blanca,,arana pequena,,,1,2024,ene-24,322.253,23,7,3,2,0,,Mack
P1280317,382,Playa Blanca,,arana pequena,,,1,2024,ene-24,280.737,20,5,1,2,0,,Mack
P1280310,383,Playa Blanca,,arana pequena,,,1,2024,ene-24,446.045,20,5,5,1,2,,Mack
P1280333,384,Playa Blanca,,arana pequena,,,1,2024,ene-24,440.987,26,8,3,5,2,,Mack
P1280257,385,Playa Blanca,,arana pequena,,,1,2024,ene-24,87.236,9,6,0,5,0,,Mack
DSCN2289,381,Playa Blanca,,arana pequena,,,11,2023,nov-23,343.365,17,0,9,0,17,totalmente blanqueado,Mack
DSCN2311,382,Playa Blanca,,arana pequena,,,11,2023,nov-23,242.963,15,1,6,0,8,,Mack
DSCN2302,383,Playa Blanca,,arana pequena,,,11,2023,nov-23,206.986,15,2,5,3,8,,Mack
DSCN2286,384,Playa Blanca,,arana pequena,,,11,2023,nov-23,235.099,24,4,16,4,2,,Mack
DSCN 2206,385,Playa Blanca,,arana pequena,,,11,2023,nov-23,261.184,19,3,15,2,1,,Mack
PA210987,381,Playa Blanca,,arana pequena,,,10,2023,oct-23,354.549,17,0,3,0,17,totalmente blanqueado,Mack
PA211006,382,Playa Blanca,,arana pequena,,,10,2023,oct-23,318.679,16,0,6,0,16,totalmente blanqueado,Mack
PA210996,383,Playa Blanca,,arana pequena,,,10,2023,oct-23,280.080,16,0,8,0,16,totalmente blanqueado,Mack
PA211037,384,Playa Blanca,,arana pequena,,,10,2023,oct-23,450.330,27,0,10,1,27,totalmente blanqueado,Mack
PA210942,385,Playa Blanca,,arana pequena,,,10,2023,oct-23,362.903,19,2,10,4,17,,Mack
NA,381,Playa Blanca,,arana pequena,,,9,2023,sep-23,NA,NA,NA,NA,NA,NA,,Mack
P9232658,382,Playa Blanca,,arana pequena,,,9,2023,sep-23,294.986,16,0,8,0,15,,Mack
P9232665,383,Playa Blanca,,arana pequena,,,9,2023,sep-23,295.137,16,0,8,1,15,,Mack
P9232675,384,Playa Blanca,,arana pequena,,,9,2023,sep-23,544.680,28,0,12,0,27,,Mack
NA,385,Playa Blanca,,arana pequena,,,9,2023,sep-23,NA,NA,NA,NA,NA,NA,,Mack
DSCN9935,381,Playa Blanca,,arana pequena,,,8,2023,ago-23,365.148,17,0,7,0,7,,Mack
DSCN9952,382,Playa Blanca,,arana pequena,,,8,2023,ago-23,261.711,16,0,8,0,13,,Mack
DSCN9946,383,Playa Blanca,,arana pequena,,,8,2023,ago-23,236.849,16,0,8,1,7,,Mack
DSCN9933,384,Playa Blanca,,arana pequena,,,8,2023,ago-23,492.708,28,0,8,1,13,,Mack
DSCN9967,385,Playa Blanca,,arana pequena,,,8,2023,ago-23,402.741,18,0,12,3,9,,Mack
DSCN8904,381,Playa Blanca,,arana pequena,,,7,2023,jul-23,337.387,17,0,7,0,6,,Mack
DSCN8921,382,Playa Blanca,,arana pequena,,,7,2023,jul-23,222.473,16,0,8,1,8,,Mack
DSCN8914,383,Playa Blanca,,arana pequena,,,7,2023,jul-23,194.324,16,0,8,1,4,se anadio un fragmento?,Mack
DSCN8902,384,Playa Blanca,,arana pequena,,,7,2023,jul-23,461.350,28,0,8,1,10,,Mack
DSCN8864,385,Playa Blanca,,arana pequena,,,7,2023,jul-23,333.923,18,0,10,3,7,,Mack
DSCN5369,381,Playa Blanca,,arana pequena,,,6,2023,jun-23,295.039,17,0,8,0,2,,Mack
DSCN5392,382,Playa Blanca,,arana pequena,,,6,2023,jun-23,226.938,16,0,8,1,6,,Mack
DSCN5383,383,Playa Blanca,,arana pequena,,,6,2023,jun-23,226.357,15,0,8,1,4,,Mack
DCSN5370,384,Playa Blanca,,arana pequena,,,6,2023,jun-23,376.930,28,1,12,0,7,,Mack
DSCN5351,385,Playa Blanca,,arana pequena,,,6,2023,jun-23,289.941,19,0,6,1,7,,Mack
DSCN4637,381,Playa Blanca,,arana pequena,,,5,2023,may-23,244.042,17,0,2,0,3,,Mack
DSCN4653,382,Playa Blanca,,arana pequena,,,5,2023,may-23,171.351,17,0,8,2,3,,Mack
DSCN4648,383,Playa Blanca,,arana pequena,,,5,2023,may-23,144.298,15,1,8,1,4,,Mack
DSCN4635,384,Playa Blanca,,arana pequena,,,5,2023,may-23,339.251,28,2,21,1,8,,Mack
DSCN4611,385,Playa Blanca,,arana pequena,,,5,2023,may-23,299.350,22,0,7,2,4,,Mack
DSCN3756,381,Playa Blanca,,arana pequena,,,4,2023,abr-23,257.783,17,0,1,0,4,,Mack
DSCN3746,382,Playa Blanca,,arana pequena,,,4,2023,abr-23,184.540,19,0,2,0,5,,Mack
DSCN3748,383,Playa Blanca,,arana pequena,,,4,2023,abr-23,157.712,19,2,1,0,6,,Mack
DSCN3758,384,Playa Blanca,,arana pequena,,,4,2023,abr-23,365.373,29,0,1,1,9,,Mack
DSCN3780,385,Playa Blanca,,arana pequena,,,4,2023,abr-23,261.603,24,0,2,0,5,,Mack
P5040188,59,Playa Blanca,,arana pequena,,,4,2024,abr-24,NA,NA,NA,NA,NA,NA,Etiqueta arana,Amanda
P5040189,59,Playa Blanca,,arana pequena,,,4,2024,abr-24,334.852,7,14,2,2,3,Gran mortalidad,Amanda
P5040190,59,Playa Blanca,,arana pequena,,,4,2024,abr-24,NA,NA,NA,NA,NA,NA,Replica,Amanda
P5040155,82,Playa Blanca,,arana pequena,,,4,2024,abr-24,NA,NA,NA,NA,NA,NA,Etiqueta arana,Amanda
P5040156,82,Playa Blanca,,arana pequena,,,4,2024,abr-24,313.188,9,15,4,1,3,Gran mortalidad,Amanda
P5040157,82,Playa Blanca,,arana pequena,,,4,2024,abr-24,NA,NA,NA,NA,NA,NA,Replica,Amanda
P5040194,99,Playa Blanca,,arana pequena,,,4,2024,abr-24,NA,NA,NA,NA,NA,NA,Etiqueta arana,Amanda
P5040195,99,Playa Blanca,,arana pequena,,,4,2024,abr-24,NA,NA,NA,NA,NA,NA,Replica,Amanda
P5040196,99,Playa Blanca,,arana pequena,,,4,2024,abr-24,NA,NA,NA,NA,NA,NA,Replica,Amanda
P5040197,99,Playa Blanca,,arana pequena,,,4,2024,abr-24,565.754,8,8,6,0,0,Gran mortalidad,Amanda
P5040185,115,Playa Blanca,,arana pequena,,,4,2024,abr-24,NA,NA,NA,NA,NA,NA,Etiqueta arana,Amanda
P5040186,115,Playa Blanca,,arana pequena,,,4,2024,abr-24,190.189,7,9,5,2,6,Gran mortalidad,Amanda
P5040187,115,Playa Blanca,,arana pequena,,,4,2024,abr-24,NA,NA,NA,NA,NA,NA,Replica,Amanda
P5040198,146,Playa Blanca,,arana pequena,,,4,2024,abr-24,NA,NA,NA,NA,NA,NA,Etiqueta arana,Amanda
P5040199,146,Playa Blanca,,arana pequena,,,4,2024,abr-24,NA,NA,NA,NA,NA,NA,Replica,Amanda
P5040200,146,Playa Blanca,,arana pequena,,,4,2024,abr-24,NA,NA,NA,NA,NA,NA,Replica,Amanda
P5040201,146,Playa Blanca,,arana pequena,,,4,2024,abr-24,969.463,19,4,6,1,4,Fragmentos de gran tamaño,Amanda
P5040202,146,Playa Blanca,,arana pequena,,,4,2024,abr-24,NA,NA,NA,NA,NA,NA,Replica,Amanda
P5040203,146,Playa Blanca,,arana pequena,,,4,2024,abr-24,NA,NA,NA,NA,NA,NA,Replica,Amanda
P5040152,147,Playa Blanca,,arana pequena,,,4,2024,abr-24,NA,NA,NA,NA,NA,NA,Etiqueta arana,Amanda
P5040153,147,Playa Blanca,,arana pequena,,,4,2024,abr-24,533.799,14,4,10,0,1,Fragmentos con mortalidad parcial,Amanda
P5040154,147,Playa Blanca,,arana pequena,,,4,2024,abr-24,NA,NA,NA,NA,NA,NA,Replica,Amanda
P5040191,155,Playa Blanca,,arana pequena,,,4,2024,abr-24,NA,NA,NA,NA,NA,NA,Etiqueta arana,Amanda
P5040192,155,Playa Blanca,,arana pequena,,,4,2024,abr-24,421.984,7,12,2,1,2,Gran mortalidad,Amanda
P5040193,155,Playa Blanca,,arana pequena,,,4,2024,abr-24,NA,NA,NA,NA,NA,NA,Replica,Amanda
P5040179,149,Playa Blanca,,arana pequena,,,4,2024,abr-24,NA,NA,NA,NA,NA,NA,Etiqueta arana,Emma
P5040181,149,Playa Blanca,,arana pequena,,,4,2024,abr-24,34.380,1,3,0,6,0,-,Emma
No Photo,150,Playa Blanca,,arana pequena,,,4,2024,abr-24,NA,NA,NA,NA,NA,NA,Etiqueta arana,Emma
No Photo,150,Playa Blanca,,arana pequena,,,4,2024,abr-24,NA,NA,NA,NA,NA,NA,-,Emma
No Photo,151,Playa Blanca,,arana pequena,,,4,2024,abr-24,NA,NA,NA,NA,NA,NA,Etiqueta arana,Emma
No Photo,151,Playa Blanca,,arana pequena,,,4,2024,abr-24,NA,NA,NA,NA,NA,NA,-,Emma
P5040173,154,Playa Blanca,,arana pequena,,,4,2024,abr-24,NA,NA,NA,NA,NA,NA,Etiqueta arana,Emma
P5040175,154,Playa Blanca,,arana pequena,,,4,2024,abr-24,618.240,14,2,0,2,0,-,Emma
P5040241,375,Playa Blanca,,arana pequena,,,4,2024,abr-24,NA,NA,NA,NA,NA,NA,Etiqueta arana,Emma
P5040243,375,Playa Blanca,,arana pequena,,,4,2024,abr-24,545.920,17,1,1,0,0,-,Emma
No Photo,378,Playa Blanca,,arana pequena,,,4,2024,abr-24,NA,NA,NA,NA,NA,NA,Etiqueta arana,Emma
No Photo,378,Playa Blanca,,arana pequena,,,4,2024,abr-24,NA,NA,NA,NA,NA,NA,-,Emma
No Photo,379,Playa Blanca,,arana pequena,,,4,2024,abr-24,NA,NA,NA,NA,NA,NA,Etiqueta arana,Emma
No Photo,379,Playa Blanca,,arana pequena,,,4,2024,abr-24,NA,NA,NA,NA,NA,NA,-,Emma
No Photo,380,Playa Blanca,,arana pequena,,,4,2024,abr-24,NA,NA,NA,NA,NA,NA,Etiqueta arana,Emma
No Photo,380,Playa Blanca,,arana pequena,,,4,2024,abr-24,NA,NA,NA,NA,NA,NA,-,Emma
P6210166,59,Playa Blanca,,arana pequena,,,6,2024,jun-24,NA,NA,NA,NA,NA,NA,Etiqueta arana,Amanda
P6210167,59,Playa Blanca,,arana pequena,,,6,2024,jun-24,NA,NA,NA,NA,NA,NA,Replica,Amanda
P6210168,59,Playa Blanca,,arana pequena,,,6,2024,jun-24,349.723,7,8,5,0,5,Baja visibilidad,Amanda
No photo,82,Playa Blanca,,arana pequena,,,6,2024,jun-24,NA,NA,NA,NA,NA,NA,-,Amanda
P6210175,99,Playa Blanca,,arana pequena,,,6,2024,jun-24,NA,NA,NA,NA,NA,NA,Etiqueta arana,Amanda
P6210176,99,Playa Blanca,,arana pequena,,,6,2024,jun-24,NA,NA,NA,NA,NA,NA,Etiqueta arana,Amanda
P6210177,99,Playa Blanca,,arana pequena,,,6,2024,jun-24,626.954,10,6,5,1,0,Gran mortalidad,Amanda
P6210178,99,Playa Blanca,,arana pequena,,,6,2024,jun-24,NA,NA,NA,NA,NA,NA,Replica,Amanda
P6210169,115,Playa Blanca,,arana pequena,,,6,2024,jun-24,NA,NA,NA,NA,NA,NA,Etiqueta arana,Amanda
P6210170,115,Playa Blanca,,arana pequena,,,6,2024,jun-24,408.386,9,11,4,0,4,Gran mortalidad,Amanda
P6210171,115,Playa Blanca,,arana pequena,,,6,2024,jun-24,NA,NA,NA,NA,NA,NA,Replica,Amanda
P6210179,146,Playa Blanca,,arana pequena,,,6,2024,jun-24,NA,NA,NA,NA,NA,NA,Etiqueta arana,Amanda
P6210180,146,Playa Blanca,,arana pequena,,,6,2024,jun-24,1125.952,16,4,2,3,0,Fragmentos grandes,Amanda
P6210181,146,Playa Blanca,,arana pequena,,,6,2024,jun-24,NA,NA,NA,NA,NA,NA,Replica,Amanda
P6210157,147,Playa Blanca,,arana pequena,,,6,2024,jun-24,NA,NA,NA,NA,NA,NA,Etiqueta arana,Amanda
P6210158,147,Playa Blanca,,arana pequena,,,6,2024,jun-24,538.949,11,9,3,0,4,-,Amanda
P6210159,147,Playa Blanca,,arana pequena,,,6,2024,jun-24,NA,NA,NA,NA,NA,NA,Replica,Amanda
P6210164,147,Playa Blanca,,arana pequena,,,6,2024,jun-24,NA,NA,NA,NA,NA,NA,Etiqueta arana,Amanda
P6210165,147,Playa Blanca,,arana pequena,,,6,2024,jun-24,NA,NA,NA,NA,NA,NA,Replica,Amanda
P6210172,155,Playa Blanca,,arana pequena,,,6,2024,jun-24,NA,NA,NA,NA,NA,NA,Etiqueta arana,Amanda
P6210173,155,Playa Blanca,,arana pequena,,,6,2024,jun-24,664.176,9,9,2,0,3,-,Amanda
P6210174,155,Playa Blanca,,arana pequena,,,6,2024,jun-24,NA,NA,NA,NA,NA,NA,Replica,Amanda
DSCN3754,391,Playa Blanca,,arana pequena,,,4,2023,abr-23,543.877,22,0,0,1,1,parcialmente blanq,Eliana
DSCN3750,392,Playa Blanca,,arana pequena,,,4,2023,abr-23,558.202,28,0,4,0,1,,Eliana
DSCN4645,386,Playa Blanca,,arana pequena,,,5,2023,may-23,327.276,22,1,4,1,0,,Eliana
DSCN4639,387,Playa Blanca,,arana pequena,,,5,2023,may-23,320.915,17,0,4,2,0,,Eliana
DSCN4623,390,Playa Blanca,,arana pequena,,,5,2023,may-23,222.445,22,1,13,1,0,fragmento parcialmente tapado por etiqueta,Eliana 
P3230207,58,Playa Blanca,,arana pequena,,,3,2024,mar-24,103.190,14,6,0,1,0,,Priscilla
P3230211,60,Playa Blanca,,arana pequena,,,3,2024,mar-24,88.116,5,2,1,5,0,,Priscilla
P3230143,62,Playa Blanca,,arana pequena,,,3,2024,mar-24,932.337,18,4,1,2,0,,Priscilla
P3230145,64,Playa Blanca,,arana pequena,,,3,2024,mar-24,546.236,16,2,1,5,0,,Priscilla
P3230214,66,Playa Blanca,,arana pequena,,,3,2024,mar-24,524.794,10,0,0,2,0,,Priscilla
P3230218,394,Playa Blanca,,arana pequena,,,3,2024,mar-24,610.438,14,4,0,3,0,,Priscilla
P3230268,395,Playa Blanca,,arana pequena,,,3,2024,mar-24,482.815,17,0,1,2,0,,Priscilla
P3230242,396,Playa Blanca,,arana pequena,,,3,2024,mar-24,601.614,16,0,0,4,0,Muchos peces que dificultan visibilidad,Priscilla
P5040205,62,Playa Blanca,,arana pequena,,,4,2024,abr-24,723.496,12,2,0,0,0,,Priscilla
P5040240,394,Playa Blanca,,arana pequena,,,4,2024,abr-24,1126.228,15,0,0,1,0,,Priscilla
DSCN9355,58,Playa Blanca,,arana pequena,,,6,2024,jun-24,218.678,10,4,0,3,0,,Priscilla
DSCN9351,60,Playa Blanca,,arana pequena,,,6,2024,jun-24,234.855,4,0,0,6,0,,Priscilla
P6210184,62,Playa Blanca,,arana pequena,,,6,2024,jun-24,1084.087,15,1,1,0,0,,Priscilla
P6210187,64,Playa Blanca,,arana pequena,,,6,2024,jun-24,866.726,14,0,0,2,0,,Priscilla
DSCN9347,66,Playa Blanca,,arana pequena,,,6,2024,jun-24,605.739,7,0,0,0,0,,Priscilla
DSCN9343,394,Playa Blanca,,arana pequena,,,6,2024,jun-24,752.897,10,0,1,0,0,,Priscilla
DSCN9320,395,Playa Blanca,,arana pequena,,,6,2024,jun-24,830.589,16,0,0,0,0,,Priscilla
P6210219,149,Playa Blanca,,arana pequena,,,6,2024,jun-24,NA,NA,NA,NA,NA,NA,Etiqueta arana,Emma
P6210221,149,Playa Blanca,,arana pequena,,,6,2024,jun-24,44.990,2,0,1,4,0,-,Emma
DSCN9358,150,Playa Blanca,,arana pequena,,,6,2024,jun-24,NA,NA,NA,NA,NA,NA,Etiqueta arana,Emma
DSCN9394,150,Playa Blanca,,arana pequena,,,6,2024,jun-24,43.320,3,1,1,5,1,-,Emma
DSCN9405,151,Playa Blanca,,arana pequena,,,6,2024,jun-24,NA,NA,NA,NA,NA,NA,Etiqueta arana,Emma
DSCN9406,151,Playa Blanca,,arana pequena,,,6,2024,jun-24,602.348,7,0,0,4,0,-,Emma
P6210216,154,Playa Blanca,,arana pequena,,,6,2024,jun-24,NA,NA,NA,NA,NA,NA,Etiqueta arana,Emma
P6210218,154,Playa Blanca,,arana pequena,,,6,2024,jun-24,506.070,13,2,0,0,2,-,Emma
DSCN9338,375,Playa Blanca,,arana pequena,,,6,2024,jun-24,NA,NA,NA,NA,NA,NA,Etiqueta arana,Emma
DSCN9339,375,Playa Blanca,,arana pequena,,,6,2024,jun-24,632.770,17,1,0,2,2,-,Emma
DSCN9329,378,Playa Blanca,,arana pequena,,,6,2024,jun-24,NA,NA,NA,NA,NA,NA,Etiqueta arana,Emma
DSCN9330,378,Playa Blanca,,arana pequena,,,6,2024,jun-24,645.530,17,0,0,0,0,-,Emma
DSCN9344,379,Playa Blanca,,arana pequena,,,6,2024,jun-24,NA,NA,NA,NA,NA,NA,Etiqueta arana,Emma
DSCN9345,379,Playa Blanca,,arana pequena,,,6,2024,jun-24,651.200,15,0,0,1,1,-,Emma
DSCN9321,380,Playa Blanca,,arana pequena,,,6,2024,jun-24,NA,NA,NA,NA,NA,NA,Etiqueta arana,Emma
DSCN9322,380,Playa Blanca,,arana pequena,,,6,2024,jun-24,799.650,15,0,0,1,1,-,Emma
P3230209,139,Playa Blanca,,arana pequena,,,3,2024,mar-24,141.450,2,0,0,0,0,,Jorge
P3230163,140,Playa Blanca,,arana pequena,,,3,2024,mar-24,469.870,9,0,0,0,0,,Jorge
P3230157,143,Playa Blanca,,arana pequena,,,3,2024,mar-24,753.140,16,0,0,1,0,,Jorge
P3230159,144,Playa Blanca,,arana pequena,,,3,2024,mar-24,266.910,18,0,0,1,0,,Jorge
P3230193,148,Playa Blanca,,arana pequena,,,3,2024,mar-24,394.570,11,0,0,0,0,,Jorge
P5040232,139,Playa Blanca,,arana pequena,,,5,2024,may-24,152.820,2,0,0,0,0,,Jorge
P5040178,140,Playa Blanca,,arana pequena,,,5,2024,may-24,538.080,9,0,0,0,0,,Jorge
P5040210,143,Playa Blanca,,arana pequena,,,5,2024,may-24,819.000,17,0,0,0,0,,Jorge
NA,144,Playa Blanca,,arana pequena,,,5,2024,may-24,NA,NA,NA,NA,NA,NA,No hay fotografías,Jorge
P5040226,148,Playa Blanca,,arana pequena,,,5,2024,may-24,455.980,11,0,0,0,0,,Jorge
DSCN9400,139,Playa Blanca,,arana pequena,,,6,2024,jun-24,180.910,2,0,0,0,0,poca visbilidad,Jorge
P6210206,140,Playa Blanca,,arana pequena,,,6,2024,jun-24,686.790,10,0,0,0,0,poca visbilidad,Jorge
P6210193,143,Playa Blanca,,arana pequena,,,6,2024,jun-24,1087.890,17,0,0,0,0,poca visbilidad,Jorge
P6210199,144,Playa Blanca,,arana pequena,,,6,2024,jun-24,514.600,18,0,0,0,0,poca visbilidad,Jorge
DSCN9408,148,Playa Blanca,,arana pequena,,,6,2024,jun-24,397.040,9,0,0,2,0,poca visbilidad,Jorge
PA200026,59,Playa Blanca,,arana pequena,,,10,2024,oct-24,NA,NA,NA,NA,NA,NA,Etiqueta arana,Amanda
PA200027,59,Playa Blanca,,arana pequena,,,10,2024,oct-24,598.556,11,4,2,0,0,fragmento palido,Amanda
PA200036,99,Playa Blanca,,arana pequena,,,10,2024,oct-24,NA,NA,NA,NA,NA,NA,Etiqueta arana,Amanda
PA200037,99,Playa Blanca,,arana pequena,,,10,2024,oct-24,827.339,11,4,5,1,0,,Amanda
PA200028,115,Playa Blanca,,arana pequena,,,10,2024,oct-24,NA,NA,NA,NA,NA,NA,Etiqueta arana,Amanda
PA200029,115,Playa Blanca,,arana pequena,,,10,2024,oct-24,709.115,12,5,5,2,1,,Amanda
PA200032,146,Playa Blanca,,arana pequena,,,10,2024,oct-24,NA,NA,NA,NA,NA,NA,Etiqueta arana,Amanda
PA200033,146,Playa Blanca,,arana pequena,,,10,2024,oct-24,1426.236,18,1,5,2,1,fragmento palido,Amanda
PA200024,147,Playa Blanca,,arana pequena,,,10,2024,oct-24,NA,NA,NA,NA,NA,NA,Etiqueta arana,Amanda
PA200025,147,Playa Blanca,,arana pequena,,,10,2024,oct-24,819.378,16,0,7,0,0,,Amanda
PA200030,155,Playa Blanca,,arana pequena,,,10,2024,oct-24,NA,NA,NA,NA,NA,NA,Etiqueta arana,Amanda
PA200031,155,Playa Blanca,,arana pequena,,,10,2024,oct-24,834.812,10,3,4,0,0,,Amanda