photo.code,str.code,lado,site,origin,nursery,frag.date,date,month,year,gira,area.cm2,num.frag,mort.,mort.parc,perd,blanq,notas,analizador
DSCN8484,91,1,Playa Pelonas,,arana,,,11,2021,22-Nov,67.308,5,0,0,0,0,,Tania
DSCN8485 ,91,2,Playa Pelonas,,arana,,,11,2021,22-Nov,72.319,8,0,0,0,1,coral de arriba medio se ve blanqueado,Tania
DSCN8486,91,3,Playa Pelonas,,arana,,,11,2021,22-Nov,97.51,6,0,0,0,0,,Tania
DSCN8487,91,4,Playa Pelonas,,arana,,,11,2021,22-Nov,55.723,6,0,0,0,0,,Tania
DSCN8488,91,5,Playa Pelonas,,arana,,,11,2021,22-Nov,62.249,6,0,0,0,0,,Tania
DSCN8489,91,6,Playa Pelonas,,arana,,,11,2021,22-Nov,36.857,4,0,0,0,0,,Tania
DSCN8490,91,7,Playa Pelonas,,arana,,,11,2021,22-Nov,29.895,3,0,0,0,0,,Tania
DSCN8492,92,1,Playa Pelonas,,arana,,,11,2021,22-Nov,234.022,9,0,0,0,0,,Tania
DSCN8493,92,2,Playa Pelonas,,arana,,,11,2021,22-Nov,120.746,5,0,0,0,1,Coral medio centro se ve un poco blanqueado,Tania
DSCN8494,92,3,Playa Pelonas,,arana,,,11,2021,22-Nov,66.655,4,0,0,0,0,Coral del medio de la barra de abajo esta volcado asi que se mide en la foto 8497 para tener mejor visión,Tania
DSCN8495,92,4,Playa Pelonas,,arana,,,11,2021,22-Nov,43.374,3,0,0,0,1,"Coral medio abajo blaqueado, el coral del medio de la barra media estaba volteado asi que se mide en la foto 8492 y el coral arriba izquierdo en foto 8498",Tania
DSCN8496,92,5,Playa Pelonas,,arana,,,11,2021,22-Nov,107.801,5,0,0,0,0,,Tania
DSCN8497,92,6,Playa Pelonas,,arana,,,11,2021,22-Nov,27.142,3,0,0,0,0,,Tania
DSCN8498,92,7,Playa Pelonas,,arana,,,11,2021,22-Nov,25.226,1,0,0,0,0,,Tania
DSCN8476,93,1,Playa Pelonas,,arana,,,11,2021,22-Nov,79.572,8,0,0,0,0,,Tania
DSCN8477,93,2,Playa Pelonas,,arana,,,11,2021,22-Nov,51.377,5,0,0,0,0,,Tania
DSCN8478,93,3,Playa Pelonas,,arana,,,11,2021,22-Nov,43.871,5,0,2,0,1,Coral del medio lado izquierdo se ve blanqueado y con mort. par pero no estoy segura,Tania
DSCN8479,93,4,Playa Pelonas,,arana,,,11,2021,22-Nov,79.017,5,0,0,0,0,,Tania
DSCN8480,93,5,Playa Pelonas,,arana,,,11,2021,22-Nov,100.959,5,0,0,1,1,"Coral medio. barra media, se ve parcialmente blanqueado",Tania
DSCN8481,93,6,Playa Pelonas,,arana,,,11,2021,22-Nov,32.49,2,0,0,0,0,,Tania
DSCN8482,93,7,Playa Pelonas,,arana,,,11,2021,22-Nov,NA,NA,NA,NA,NA,NA,NA,Tania
DSCN8500,94,1,Playa Pelonas,,arana,,,11,2021,22-Nov,84.599,7,0,0,0,1,Coral arriba derecho parcialmente blanqueado,Tania
DSCN8501,94,2,Playa Pelonas,,arana,,,11,2021,22-Nov,54.482,5,0,0,0,0,,Tania
DSCN8502,94,3,Playa Pelonas,,arana,,,11,2021,22-Nov,65.052,5,0,0,0,0,,Tania
DSCN8503,94,4,Playa Pelonas,,arana,,,11,2021,22-Nov,69.288,5,0,1,0,0,,Tania
DSCN8504,94,5,Playa Pelonas,,arana,,,11,2021,22-Nov,69.611,5,0,0,0,0,,Tania
DSCN8505,94,6,Playa Pelonas,,arana,,,11,2021,22-Nov,72.342,5,0,0,0,0,,Tania
DSCN8506,94,7,Playa Pelonas,,arana,,,11,2021,22-Nov,8.32,1,0,0,0,0,,Tania
DSCN9229,91,1,Playa Pelonas,,arana,,,12,2021,dic-22,63.988,5,0,0,0,0,,Tania
DSCN9230,91,2,Playa Pelonas,,arana,,,12,2021,dic-22,40.913,5,0,0,0,0,,Tania
DSCN9231,91,3,Playa Pelonas,,arana,,,12,2021,dic-22,147.738,7,0,0,0,0,,Tania
DSCN9232,91,4,Playa Pelonas,,arana,,,12,2021,dic-22,56.051,6,0,0,0,0,,Tania
DSCN9233,91,5,Playa Pelonas,,arana,,,12,2021,dic-22,79.477,7,0,0,0,0,,Tania
DSCN9234,91,6,Playa Pelonas,,arana,,,12,2021,dic-22,46.044,4,0,0,0,0,,Tania
DSCN9235,91,7,Playa Pelonas,,arana,,,12,2021,dic-22,120.972,14,0,0,0,0,,Tania
GOPR0322,92,1,Playa Pelonas,,arana,,,12,2021,dic-22,223.736,10,0,0,0,0,,Tania
GOPR0323,92,2,Playa Pelonas,,arana,,,12,2021,dic-22,143.727,8,0,0,0,0,Coral extremo arriba se mide con dos mediciones,Tania
GOPR0324,92,3,Playa Pelonas,,arana,,,12,2021,dic-22,173.795,10,0,0,0,0,,Tania
GOPR0325,92,4,Playa Pelonas,,arana,,,12,2021,dic-22,166.588,9,0,0,0,0,,Tania
GOPR0326,92,5,Playa Pelonas,,arana,,,12,2021,dic-22,182.405,8,0,0,0,0,,Tania
GOPR0327,92,6,Playa Pelonas,,arana,,,12,2021,dic-22,31.05,2,0,0,0,0,La foto esta muy borrosa asi que se midieron los corales del medio de esta en la imagen GOPR0323,Tania
GOPR0328,92,7,Playa Pelonas,,arana,,,12,2021,dic-22,222.153,12,1,0,0,0,,Tania
DSCN9219,93,1,Playa Pelonas,,arana,,,12,2021,dic-22,75.607,7,0,1,0,0,,Tania
DSCN9220,93,2,Playa Pelonas,,arana,,,12,2021,dic-22,74.118,8,0,0,0,0,,Tania
DSCN9221,93,3,Playa Pelonas,,arana,,,12,2021,dic-22,66.408,7,0,0,0,1,,Tania
DSCN9224,93,4,Playa Pelonas,,arana,,,12,2021,dic-22,143.907,7,0,0,0,0,,Tania
DSCN9225,93,5,Playa Pelonas,,arana,,,12,2021,dic-22,69.013,4,1,0,0,0,,Tania
DSCN9226,93,6,Playa Pelonas,,arana,,,12,2021,dic-22,49.944,3,0,0,0,0,,Tania
DSCN9227,93,7,Playa Pelonas,,arana,,,12,2021,dic-22,127.397,12,0,0,0,0,,Tania
DSCN9754,91,1,Playa Pelonas,,arana,,,2,2022,23-Feb,39.32,3,0,0,0,0,,Tania
DSCN9756,91,2,Playa Pelonas,,arana,,,2,2022,23-Feb,35.594,3,0,0,0,0,,Tania
DSCN9757,91,3,Playa Pelonas,,arana,,,2,2022,23-Feb,56.152,3,0,0,0,0,,Tania
DSCN9758,91,4,Playa Pelonas,,arana,,,2,2022,23-Feb,71.428,4,0,0,0,0,,Tania
DSCN9759,91,5,Playa Pelonas,,arana,,,2,2022,23-Feb,57.858,3,0,0,0,0,,Tania
DSCN9760,91,6,Playa Pelonas,,arana,,,2,2022,23-Feb,22.441,2,0,0,0,0,,Tania
DSCN9761,91,7,Playa Pelonas,,arana,,,2,2022,23-Feb,367.398,14,0,0,0,0,,Tania
DSCN9746,92,1,Playa Pelonas,,arana,,,2,2022,23-Feb,161.664,5,0,0,0,0,,Tania
DSCN9747,92,2,Playa Pelonas,,arana,,,2,2022,23-Feb,151.198,6,0,0,0,0,,Tania
DSCN9748,92,3,Playa Pelonas,,arana,,,2,2022,23-Feb,228.856,4,0,0,0,0,,Tania
DSCN9749,92,4,Playa Pelonas,,arana,,,2,2022,23-Feb,170.287,5,0,0,0,0,,Tania
DSCN9750,92,5,Playa Pelonas,,arana,,,2,2022,23-Feb,273.227,9,0,0,0,0,,Tania
DSCN9751,92,6,Playa Pelonas,,arana,,,2,2022,23-Feb,151.874,7,0,0,0,0,,Tania
DSCN9752,92,7,Playa Pelonas,,arana,,,2,2022,23-Feb,390.508,17,0,0,0,0,,Tania
DSCN9763,93,1,Playa Pelonas,,arana,,,2,2022,23-Feb,78.956,5,0,0,0,0,,Tania
DSCN9764,93,2,Playa Pelonas,,arana,,,2,2022,23-Feb,87.573,3,0,0,1,0,,Tania
DSCN9765,93,3,Playa Pelonas,,arana,,,2,2022,23-Feb,141.754,4,0,0,0,0,,Tania
DSCN9766,93,4,Playa Pelonas,,arana,,,2,2022,23-Feb,112.67,4,0,0,0,0,,Tania
DSCN9767,93,5,Playa Pelonas,,arana,,,2,2022,23-Feb,65.672,3,0,0,1,0,,Tania
DSCN9768,93,6,Playa Pelonas,,arana,,,2,2022,23-Feb,112.417,5,0,0,1,0,,Tania
DSCN9769,93,7,Playa Pelonas,,arana,,,2,2022,23-Feb,318.799,17,0,0,0,0,,Tania
DSCN9772,94,1,Playa Pelonas,,arana,,,2,2022,23-Feb,42.066,2,0,0,0,0,,Tania
DSCN9773,94,2,Playa Pelonas,,arana,,,2,2022,23-Feb,106.32,5,0,0,0,0,,Tania
DSCN9774,94,3,Playa Pelonas,,arana,,,2,2022,23-Feb,46.13,2,0,0,0,0,,Tania
DSCN9775,94,4,Playa Pelonas,,arana,,,2,2022,23-Feb,50.786,3,0,0,0,0,,Tania
DSCN9776,94,5,Playa Pelonas,,arana,,,2,2022,23-Feb,25.09,3,0,0,0,0,,Tania
DSCN9777,94,6,Playa Pelonas,,arana,,,2,2022,23-Feb,23.08,2,0,0,0,0,,Tania
DSCN9778,94,7,Playa Pelonas,,arana,,,2,2022,23-Feb,169.365,6,0,0,1,0,,Tania
DSCN8394,91,1,Playa Pelonas,,arana,,,3,2022,22-Mar,48.302,3,0,0,1,0,,Tania
DSCN8395,91,2,Playa Pelonas,,arana,,,3,2022,22-Mar,35.812,3,0,0,0,0,,Tania
DSCN8396,91,3,Playa Pelonas,,arana,,,3,2022,22-Mar,72.851,4,0,0,0,1,,Tania
DSCN8397,91,4,Playa Pelonas,,arana,,,3,2022,22-Mar,52.628,4,0,0,0,0,Repetido con DSCN8420,Tania
DSCN8398,91,5,Playa Pelonas,,arana,,,3,2022,22-Mar,34.428,4,0,0,0,0,,Tania
DSCN8399,91,6,Playa Pelonas,,arana,,,3,2022,22-Mar,14.942,2,0,0,1,0,,Tania
DSCN8400,91,7,Playa Pelonas,,arana,,,3,2022,22-Mar,278.436,12,0,0,1,0,,Tania
DSCN8416,92,1,Playa Pelonas,,arana,,,3,2022,22-Mar,129.583,9,0,0,0,0,,Tania
DSCN8417,92,2,Playa Pelonas,,arana,,,3,2022,22-Mar,101.465,6,0,0,0,0,,Tania
DSCN8418,92,3,Playa Pelonas,,arana,,,3,2022,22-Mar,137.331,9,0,0,0,0,,Tania
DSCN8419,92,4,Playa Pelonas,,arana,,,3,2022,22-Mar,93.176,6,0,0,0,0,,Tania
DSCN8421,92,5,Playa Pelonas,,arana,,,3,2022,22-Mar,109.389,7,0,0,0,0,,Tania
DSCN8422,92,6,Playa Pelonas,,arana,,,3,2022,22-Mar,119.696,9,0,0,0,0,,Tania
DSCN8423,92,7,Playa Pelonas,,arana,,,3,2022,22-Mar,318.697,11,0,0,0,0,,Tania
DSCN8386,93,1,Playa Pelonas,,arana,,,3,2022,22-Mar,57.346,6,0,0,0,0,,Tania
DSCN8387,93,2,Playa Pelonas,,arana,,,3,2022,22-Mar,59.303,4,0,0,0,0,,Tania
DSCN8388,93,3,Playa Pelonas,,arana,,,3,2022,22-Mar,43.969,4,0,0,0,0,,Tania
DSCN8389,93,4,Playa Pelonas,,arana,,,3,2022,22-Mar,36.123,3,0,0,0,0,,Tania
DSCN8390,93,5,Playa Pelonas,,arana,,,3,2022,22-Mar,49.074,3,0,0,0,0,,Tania
DSCN8391,93,6,Playa Pelonas,,arana,,,3,2022,22-Mar,47.149,3,0,0,0,0,,Tania
DSCN8392,93,7,Playa Pelonas,,arana,,,3,2022,22-Mar,157.442,14,0,0,0,0,,Tania
DSCN8425,94,1,Playa Pelonas,,arana,,,3,2022,22-Mar,19.656,2,0,0,0,0,,Tania
DSCN8426,94,2,Playa Pelonas,,arana,,,3,2022,22-Mar,31.583,5,0,0,0,0,,Tania
DSCN8427,94,3,Playa Pelonas,,arana,,,3,2022,22-Mar,38.214,4,0,0,1,0,,Tania
DSCN8428,94,4,Playa Pelonas,,arana,,,3,2022,22-Mar,31.769,3,0,0,0,0,,Tania
DSCN8429,94,5,Playa Pelonas,,arana,,,3,2022,22-Mar,34.65,3,0,0,0,0,,Tania
DSCN8430,94,6,Playa Pelonas,,arana,,,3,2022,22-Mar,35.342,3,0,0,0,0,,Tania
DSCN8431,94,7,Playa Pelonas,,arana,,,3,2022,22-Mar,110.602,5,0,0,0,0,,Tania
DSCN9171,91,1,Playa Pelonas,,arana,,,4,2022,abr-22,39.017,3,1,0,0,0,,Tania
DSCN9172,91,2,Playa Pelonas,,arana,,,4,2022,abr-22,20.638,2,0,0,0,0,,Tania
DSCN9173,91,3,Playa Pelonas,,arana,,,4,2022,abr-22,30.872,3,0,0,0,0,,Tania
DSCN9174,91,4,Playa Pelonas,,arana,,,4,2022,abr-22,63.968,5,0,0,0,0,,Tania
DSCN9175,91,5,Playa Pelonas,,arana,,,4,2022,abr-22,19.704,2,0,0,0,0,,Tania
DSCN9176,91,6,Playa Pelonas,,arana,,,4,2022,abr-22,13.064,2,0,0,0,0,,Tania
DSCN9177,91,7,Playa Pelonas,,arana,,,4,2022,abr-22,311.669,9,0,0,0,0,,Tania
DSCN9152,92,1,Playa Pelonas,,arana,,,4,2022,abr-22,111.586,6,0,0,0,0,,Tania
DSCN9153,92,2,Playa Pelonas,,arana,,,4,2022,abr-22,128.853,10,0,0,0,0,,Tania
DSCN9154,92,3,Playa Pelonas,,arana,,,4,2022,abr-22,103.487,5,0,1,0,0,,Tania
DSCN9155,92,4,Playa Pelonas,,arana,,,4,2022,abr-22,115.394,6,0,0,0,0,,Tania
DSCN9156,92,5,Playa Pelonas,,arana,,,4,2022,abr-22,152.233,9,0,0,0,0,,Tania
DSCN9157,92,6,Playa Pelonas,,arana,,,4,2022,abr-22,60.048,4,0,0,0,0,,Tania
DSCN9158,92,7,Playa Pelonas,,arana,,,4,2022,abr-22,527.757,16,0,1,0,0,,Tania
DSCN9179,93,1,Playa Pelonas,,arana,,,4,2022,abr-22,44.922,4,0,0,0,0,,Tania
DSCN9180,93,2,Playa Pelonas,,arana,,,4,2022,abr-22,71.417,3,0,0,0,0,,Tania
DSCN9181,93,3,Playa Pelonas,,arana,,,4,2022,abr-22,80.848,4,0,0,0,0,,Tania
DSCN9182,93,4,Playa Pelonas,,arana,,,4,2022,abr-22,80.579,5,0,0,1,0,,Tania
DSCN9183,93,5,Playa Pelonas,,arana,,,4,2022,abr-22,60.731,5,0,0,0,0,,Tania
DSCN9184,93,6,Playa Pelonas,,arana,,,4,2022,abr-22,27.304,3,0,0,0,0,,Tania
DSCN9185,93,7,Playa Pelonas,,arana,,,4,2022,abr-22,333.331,18,0,0,0,0,,Tania
DSCN9160,94,1,Playa Pelonas,,arana,,,4,2022,abr-22,33.518,2,0,0,0,0,,Tania
DSCN9161,94,2,Playa Pelonas,,arana,,,4,2022,abr-22,18.996,2,0,0,0,0,,Tania
DSCN9162,94,3,Playa Pelonas,,arana,,,4,2022,abr-22,38.289,3,0,0,0,0,,Tania
DSCN9163,94,4,Playa Pelonas,,arana,,,4,2022,abr-22,42.526,3,0,0,0,0,,Tania
DSCN9164,94,5,Playa Pelonas,,arana,,,4,2022,abr-22,43.252,4,0,0,0,0,,Tania
DSCN9165,94,6,Playa Pelonas,,arana,,,4,2022,abr-22,19.359,3,0,0,0,0,,Tania
DSCN9166,94,7,Playa Pelonas,,arana,,,4,2022,abr-22,77.967,3,0,0,0,0,,Tania
DSCN9822,91,1,Playa Pelonas,,arana,,,5,2022,22-May,30.224,3,0,0,2,0,,Tania
DSCN9823,91,2,Playa Pelonas,,arana,,,5,2022,22-May,26.763,5,0,0,0,0,,Tania
DSCN9824,91,3,Playa Pelonas,,arana,,,5,2022,22-May,20.923,2,0,0,0,0,,Tania
DSCN9825,91,4,Playa Pelonas,,arana,,,5,2022,22-May,50.283,4,0,0,1,0,,Tania
DSCN9826,91,5,Playa Pelonas,,arana,,,5,2022,22-May,32.307,3,0,0,0,0,,Tania
DSCN9827,91,6,Playa Pelonas,,arana,,,5,2022,22-May,24.477,2,1,0,0,0,,Tania
DSCN9828,91,7,Playa Pelonas,,arana,,,5,2022,22-May,319.056,10,0,1,1,0,,Tania
DSCN9772,92,1,Playa Pelonas,,arana,,,5,2022,22-May,160.656,8,0,0,0,0,,Tania
DSCN9773,92,2,Playa Pelonas,,arana,,,5,2022,22-May,121.522,8,0,0,0,0,,Tania
DSCN9774,92,3,Playa Pelonas,,arana,,,5,2022,22-May,121.436,7,0,0,0,0,,Tania
DSCN9775,92,4,Playa Pelonas,,arana,,,5,2022,22-May,106.919,6,0,0,0,0,,Tania
DSCN9776,92,5,Playa Pelonas,,arana,,,5,2022,22-May,106.517,6,0,0,0,0,,Tania
DSCN9777,92,6,Playa Pelonas,,arana,,,5,2022,22-May,104.801,6,0,0,0,0,,Tania
DSCN9778,92,7,Playa Pelonas,,arana,,,5,2022,22-May,498.138,14,0,0,0,0,,Tania
DSCN9830,93,1,Playa Pelonas,,arana,,,5,2022,22-May,70.63,6,0,0,0,0,,Tania
DSCN9831,93,2,Playa Pelonas,,arana,,,5,2022,22-May,61.46,6,0,0,0,0,,Tania
DSCN9832,93,3,Playa Pelonas,,arana,,,5,2022,22-May,43.083,3,0,0,0,0,,Tania
DSCN9833,93,4,Playa Pelonas,,arana,,,5,2022,22-May,83.464,5,0,0,1,0,,Tania
DSCN9834,93,5,Playa Pelonas,,arana,,,5,2022,22-May,52.839,3,0,0,0,0,,Tania
DSCN9835,93,6,Playa Pelonas,,arana,,,5,2022,22-May,47.123,3,0,0,0,0,,Tania
DSCN9836,93,7,Playa Pelonas,,arana,,,5,2022,22-May,377.216,16,0,0,0,0,,Tania
DSCN9780,94,1,Playa Pelonas,,arana,,,5,2022,22-May,44.238,2,0,0,0,0,,Tania
DSCN9781,94,2,Playa Pelonas,,arana,,,5,2022,22-May,33.884,4,0,0,0,0,,Tania
DSCN9782,94,3,Playa Pelonas,,arana,,,5,2022,22-May,38.021,3,0,0,0,0,,Tania
DSCN9783,94,4,Playa Pelonas,,arana,,,5,2022,22-May,28.845,3,0,0,0,0,,Tania
DSCN9784,94,5,Playa Pelonas,,arana,,,5,2022,22-May,38.437,3,0,0,0,0,,Tania
DSCN9785,94,6,Playa Pelonas,,arana,,,5,2022,22-May,5.755,1,0,0,0,0,,Tania
DSCN9786,94,7,Playa Pelonas,,arana,,,5,2022,22-May,35.543,1,0,0,0,0,,Tania
DSCN0486,91,1,Playa Pelonas,,arana,,,6,2022,22-Jun,43.71,3,0,0,3,0,,Tania
DSCN0487,91,2,Playa Pelonas,,arana,,,6,2022,22-Jun,14.995,2,1,0,2,0,,Tania
DSCN0488,91,3,Playa Pelonas,,arana,,,6,2022,22-Jun,39.024,3,0,0,0,0,,Tania
DSCN0489,91,4,Playa Pelonas,,arana,,,6,2022,22-Jun,48.04,3,0,0,0,0,,Tania
DSCN0490,91,5,Playa Pelonas,,arana,,,6,2022,22-Jun,19.694,1,0,0,0,0,,Tania
DSCN0491,91,6,Playa Pelonas,,arana,,,6,2022,22-Jun,70.682,7,0,0,0,0,,Tania
DSCN0492,91,7,Playa Pelonas,,arana,,,6,2022,22-Jun,461.159,9,0,0,0,0,,Tania
DSCN0461,92,1,Playa Pelonas,,arana,,,6,2022,22-Jun,158.792,7,0,0,0,0,,Tania
DSCN0462,92,2,Playa Pelonas,,arana,,,6,2022,22-Jun,154.561,6,0,0,0,0,,Tania
DSCN0463,92,3,Playa Pelonas,,arana,,,6,2022,22-Jun,121.134,5,0,0,0,0,,Tania
DSCN0464,92,4,Playa Pelonas,,arana,,,6,2022,22-Jun,120.916,6,0,0,0,0,,Tania
DSCN0465,92,5,Playa Pelonas,,arana,,,6,2022,22-Jun,129.725,6,0,0,0,0,,Tania
DSCN0466,92,6,Playa Pelonas,,arana,,,6,2022,22-Jun,100.947,5,0,0,0,0,,Tania
DSCN0467,92,7,Playa Pelonas,,arana,,,6,2022,22-Jun,833.328,18,0,0,0,0,,Tania
DSCN0478,93,1,Playa Pelonas,,arana,,,6,2022,22-Jun,46.858,4,0,0,1,0,,Tania
DSCN0479,93,2,Playa Pelonas,,arana,,,6,2022,22-Jun,60.945,3,0,0,0,0,,Tania
DSCN0480,93,3,Playa Pelonas,,arana,,,6,2022,22-Jun,64.82,3,0,0,0,0,,Tania
DSCN0481,93,4,Playa Pelonas,,arana,,,6,2022,22-Jun,74.129,5,1,0,0,0,,Tania
DSCN0482,93,5,Playa Pelonas,,arana,,,6,2022,22-Jun,43.77,4,0,0,0,0,,Tania
DSCN0483,93,6,Playa Pelonas,,arana,,,6,2022,22-Jun,58.965,5,0,0,0,0,,Tania
DSCN0484,93,7,Playa Pelonas,,arana,,,6,2022,22-Jun,311.711,14,0,0,0,0,,Tania
DSCN0469,94,1,Playa Pelonas,,arana,,,6,2022,22-Jun,46.423,3,0,0,0,0,,Tania
DSCN0470,94,2,Playa Pelonas,,arana,,,6,2022,22-Jun,18.635,2,0,0,0,0,,Tania
DSCN0471,94,3,Playa Pelonas,,arana,,,6,2022,22-Jun,37.419,3,0,0,0,0,,Tania
DSCN0472,94,4,Playa Pelonas,,arana,,,6,2022,22-Jun,26.387,3,1,0,1,0,,Tania
DSCN0473,94,5,Playa Pelonas,,arana,,,6,2022,22-Jun,42.924,3,0,1,0,0,,Tania
DSCN0474,94,6,Playa Pelonas,,arana,,,6,2022,22-Jun,14.825,2,0,1,0,0,,Tania
DSCN0475,94,7,Playa Pelonas,,arana,,,6,2022,22-Jun,34.068,1,0,0,0,0,tiene foto repetida con la DSCN0476,Tania
DSCN0869,91,1,Playa Pelonas,,arana,,,7,2022,22-Jul,47.802,3,0,0,1,0,,Tania
DSCN0870,91,2,Playa Pelonas,,arana,,,7,2022,22-Jul,22.437,2,0,0,1,0,,Tania
DSCN0871,91,3,Playa Pelonas,,arana,,,7,2022,22-Jul,42.599,3,0,0,0,0,,Tania
DSCN0872,91,4,Playa Pelonas,,arana,,,7,2022,22-Jul,44.287,2,0,0,1,0,,Tania
DSCN0873,91,5,Playa Pelonas,,arana,,,7,2022,22-Jul,26.48,1,0,0,0,0,,Tania
DSCN0877,91,6,Playa Pelonas,,arana,,,7,2022,22-Jul,23.744,5,0,3,0,0,,Tania
DSCN0878,91,7,Playa Pelonas,,arana,,,7,2022,22-Jul,635.698,12,0,1,0,0,,Tania
DSCN0906,92,1,Playa Pelonas,,arana,,,7,2022,22-Jul,169.849,8,0,0,0,0,,Tania
DSCN0907,92,2,Playa Pelonas,,arana,,,7,2022,22-Jul,174.205,5,0,0,0,0,Pez en la foto,Tania
DSCN0908,92,3,Playa Pelonas,,arana,,,7,2022,22-Jul,150.17,5,0,0,0,0,,Tania
DSCN0909,92,4,Playa Pelonas,,arana,,,7,2022,22-Jul,89.177,4,0,0,0,0,Foto borrosa,Tania
DSCN0910,92,5,Playa Pelonas,,arana,,,7,2022,22-Jul,121.878,7,0,1,0,0,"Foto muy lejos, pez en la foto",Tania
DSCN0911,92,6,Playa Pelonas,,arana,,,7,2022,22-Jul,77.959,6,0,1,0,0,Foto muy lejos,Tania
DSCN0912,92,7,Playa Pelonas,,arana,,,7,2022,22-Jul,910.272,15,0,0,0,0,,Tania
DSCN0880,93,1,Playa Pelonas,,arana,,,7,2022,22-Jul,74.4,7,0,0,1,0,,Tania
DSCN0881,93,2,Playa Pelonas,,arana,,,7,2022,22-Jul,86.795,3,1,0,0,0,,Tania
DSCN0882,93,3,Playa Pelonas,,arana,,,7,2022,22-Jul,97.749,4,0,0,0,0,,Tania
DSCN0883,93,4,Playa Pelonas,,arana,,,7,2022,22-Jul,43.172,4,0,0,0,0,,Tania
DSCN0884,93,5,Playa Pelonas,,arana,,,7,2022,22-Jul,100.38,4,0,0,1,0,,Tania
DSCN0885,93,6,Playa Pelonas,,arana,,,7,2022,22-Jul,77.731,4,1,0,0,0,,Tania
DSCN0886,93,7,Playa Pelonas,,arana,,,7,2022,22-Jul,557.178,15,1,0,0,0,,Tania
DSCN0914,94,1,Playa Pelonas,,arana,,,7,2022,22-Jul,43.202,3,0,0,0,0,Es la misma que la DSCN0920,Tania
DSCN0915,94,2,Playa Pelonas,,arana,,,7,2022,22-Jul,44.276,3,0,0,0,0,"Revisar crecimiento abajo, no sé que es",Tania
DSCN0916,94,3,Playa Pelonas,,arana,,,7,2022,22-Jul,60.875,2,0,0,0,0,,Tania
DSCN0917,94,4,Playa Pelonas,,arana,,,7,2022,22-Jul,38.974,3,1,0,0,0,Imagen confusa,Tania
DSCN0918,94,5,Playa Pelonas,,arana,,,7,2022,22-Jul,59.543,3,0,0,0,0,,Tania
DSCN0919,94,6,Playa Pelonas,,arana,,,7,2022,22-Jul,41.996,4,0,0,0,0,,Tania
DSCN0921,94,7,Playa Pelonas,,arana,,,7,2022,22-Jul,261.768,7,0,0,2,0,,Tania
DSCN1649,91,1,Playa Pelonas,,arana,,,8,2022,ago-22,62.393,3,0,0,2,0,,Tania
DSCN1650,91,2,Playa Pelonas,,arana,,,8,2022,ago-22,21.478,3,0,0,0,0,,Tania
DSCN1651,91,3,Playa Pelonas,,arana,,,8,2022,ago-22,34.37,3,0,0,0,0,,Tania
DSCN1652,91,4,Playa Pelonas,,arana,,,8,2022,ago-22,67.919,3,0,0,0,0,,Tania
DSCN1653,91,5,Playa Pelonas,,arana,,,8,2022,ago-22,35.277,1,0,0,1,0,,Tania
DSCN1654,91,6,Playa Pelonas,,arana,,,8,2022,ago-22,36.728,4,0,0,0,0,,Tania
DSCN1655,91,7,Playa Pelonas,,arana,,,8,2022,ago-22,803.446,11,0,2,0,0,,Tania
DSCN1667,92,1,Playa Pelonas,,arana,,,8,2022,ago-22,252.206,7,0,0,0,0,,Tania
DSCN1668,92,2,Playa Pelonas,,arana,,,8,2022,ago-22,210.847,6,0,0,0,0,,Tania
DSCN1669,92,3,Playa Pelonas,,arana,,,8,2022,ago-22,166.27,5,0,0,0,0,,Tania
DSCN1670,92,4,Playa Pelonas,,arana,,,8,2022,ago-22,64.237,4,0,0,0,0,,Tania
DSCN1671,92,5,Playa Pelonas,,arana,,,8,2022,ago-22,347.64,8,0,0,0,0,,Tania
DSCN1672,92,6,Playa Pelonas,,arana,,,8,2022,ago-22,182.421,3,0,0,0,0,,Tania
DSCN1673,92,7,Playa Pelonas,,arana,,,8,2022,ago-22,1070.375,15,0,0,0,0,,Tania
DSCN1640,93,1,Playa Pelonas,,arana,,,8,2022,ago-22,152.249,6,0,0,1,0,,Tania
DSCN1641,93,2,Playa Pelonas,,arana,,,8,2022,ago-22,177.173,4,0,0,0,0,,Tania
DSCN1642,93,3,Playa Pelonas,,arana,,,8,2022,ago-22,238.888,4,0,0,0,0,,Tania
DSCN1643,93,4,Playa Pelonas,,arana,,,8,2022,ago-22,188.055,5,0,0,0,0,,Tania
DSCN1644,93,5,Playa Pelonas,,arana,,,8,2022,ago-22,106.233,5,0,1,1,0,Repetida con 45,Tania
DSCN1646,93,6,Playa Pelonas,,arana,,,8,2022,ago-22,172.013,6,0,0,1,0,,Tania
DSCN1647,93,7,Playa Pelonas,,arana,,,8,2022,ago-22,614.772,17,0,0,0,0,,Tania
DSCN1675,94,1,Playa Pelonas,,arana,,,8,2022,ago-22,54.578,3,0,0,0,0,,Tania
DSCN1676,94,2,Playa Pelonas,,arana,,,8,2022,ago-22,65.394,3,0,1,0,0,,Tania
DSCN1677,94,3,Playa Pelonas,,arana,,,8,2022,ago-22,94.22,2,0,0,0,0,,Tania
DSCN1678,94,4,Playa Pelonas,,arana,,,8,2022,ago-22,59.288,2,0,0,0,0,,Tania
DSCN1679,94,5,Playa Pelonas,,arana,,,8,2022,ago-22,79.499,2,0,0,0,0,,Tania
DSCN1680,94,6,Playa Pelonas,,arana,,,8,2022,ago-22,82.114,4,0,0,0,0,,Tania
DSCN1681,94,7,Playa Pelonas,,arana,,,8,2022,ago-22,139.65,5,0,0,0,0,,Tania
DSCN8842,91,1,Playa Pelonas,,arana,,,9,2022,22-Sep,139.942,4,0,0,2,0,,Tania
DSCN8843,91,2,Playa Pelonas,,arana,,,9,2022,22-Sep,60.296,3,0,0,1,0,,Tania
DSCN8844,91,3,Playa Pelonas,,arana,,,9,2022,22-Sep,106.254,3,0,0,1,0,,Tania
DSCN8845,91,4,Playa Pelonas,,arana,,,9,2022,22-Sep,167.382,4,0,0,0,0,,Tania
DSCN8846,91,5,Playa Pelonas,,arana,,,9,2022,22-Sep,60.733,1,0,0,1,0,,Tania
DSCN8847,91,6,Playa Pelonas,,arana,,,9,2022,22-Sep,103.451,5,0,0,0,0,Repetida con 8847,Tania
DSCN8849,91,7,Playa Pelonas,,arana,,,9,2022,22-Sep,911.905,12,0,0,0,0,,Tania
DSCN8808,92,1,Playa Pelonas,,arana,,,9,2022,22-Sep,439.653,8,0,0,0,0,,Tania
DSCN8809,92,2,Playa Pelonas,,arana,,,9,2022,22-Sep,308.643,5,0,0,0,0,,Tania
DSCN8810,92,3,Playa Pelonas,,arana,,,9,2022,22-Sep,260.479,6,0,0,0,0,,Tania
DSCN8811,92,4,Playa Pelonas,,arana,,,9,2022,22-Sep,222.46,5,0,0,0,0,,Tania
DSCN8812,92,5,Playa Pelonas,,arana,,,9,2022,22-Sep,346.834,6,1,0,0,0,,Tania
DSCN8813,92,6,Playa Pelonas,,arana,,,9,2022,22-Sep,170.137,3,0,0,0,0,,Tania
DSCN8814,92,7,Playa Pelonas,,arana,,,9,2022,22-Sep,886.26,15,0,0,0,0,,Tania
DSCN8333,93,1,Playa Pelonas,,arana,,,9,2022,22-Sep,99.315,6,0,0,1,0,,Tania
DSCN8334,93,2,Playa Pelonas,,arana,,,9,2022,22-Sep,162.563,3,0,0,0,0,,Tania
DSCN8335,93,3,Playa Pelonas,,arana,,,9,2022,22-Sep,201.185,4,0,0,0,0,,Tania
DSCN8336,93,4,Playa Pelonas,,arana,,,9,2022,22-Sep,81.647,3,0,0,0,0,,Tania
DSCN8338,93,5,Playa Pelonas,,arana,,,9,2022,22-Sep,131.128,7,0,1,2,0,Repetida con la 37,Tania
DSCN8339,93,6,Playa Pelonas,,arana,,,9,2022,22-Sep,192.469,8,0,0,1,0,,Tania
DSCN8340,93,7,Playa Pelonas,,arana,,,9,2022,22-Sep,674.262,16,2,0,0,0,,Tania
DSCN8800,94,1,Playa Pelonas,,arana,,,9,2022,22-Sep,640.994,4,0,0,0,0,,Tania
DSCN8801,94,2,Playa Pelonas,,arana,,,9,2022,22-Sep,79.084,3,0,1,0,0,,Tania
DSCN8802,94,3,Playa Pelonas,,arana,,,9,2022,22-Sep,102.205,4,0,0,0,0,,Tania
DSCN8803,94,4,Playa Pelonas,,arana,,,9,2022,22-Sep,103.207,4,0,0,0,0,,Tania
DSCN8804,94,5,Playa Pelonas,,arana,,,9,2022,22-Sep,87.966,3,0,0,0,0,,Tania
DSCN8805,94,6,Playa Pelonas,,arana,,,9,2022,22-Sep,64.373,4,0,0,0,0,,Tania
DSCN8806,94,7,Playa Pelonas,,arana,,,9,2022,22-Sep,160.86,5,0,0,0,0,,Tania
DSCN9466,91,1,Playa Pelonas,,arana,,,10,2022,22-Oct,131.457,3,0,0,1,0,,Tania
DSCN9467,91,2,Playa Pelonas,,arana,,,10,2022,22-Oct,73.828,3,0,0,0,0,,Tania
DSCN9468,91,3,Playa Pelonas,,arana,,,10,2022,22-Oct,105.909,3,0,0,0,0,,Tania
DSCN9469,91,4,Playa Pelonas,,arana,,,10,2022,22-Oct,136.912,3,0,0,0,0,,Tania
DSCN9470,91,5,Playa Pelonas,,arana,,,10,2022,22-Oct,42.128,1,0,0,0,0,,Tania
DSCN9471,91,6,Playa Pelonas,,arana,,,10,2022,22-Oct,84.036,5,0,0,0,0,,Tania
DSCN9472,91,7,Playa Pelonas,,arana,,,10,2022,22-Oct,701.098,9,0,0,0,2,,Tania
DSCN9433,92,1,Playa Pelonas,,arana,,,10,2022,22-Oct,473.112,7,0,0,0,0,,Tania
DSCN9434,92,2,Playa Pelonas,,arana,,,10,2022,22-Oct,206.626,5,0,0,0,0,,Tania
DSCN9435,92,3,Playa Pelonas,,arana,,,10,2022,22-Oct,270.608,6,0,0,0,0,,Tania
DSCN9436,92,4,Playa Pelonas,,arana,,,10,2022,22-Oct,268.129,6,0,0,0,0,,Tania
DSCN9437,92,5,Playa Pelonas,,arana,,,10,2022,22-Oct,384.93,6,0,0,0,0,,Tania
DSCN9438,92,6,Playa Pelonas,,arana,,,10,2022,22-Oct,163.847,4,0,0,0,0,,Tania
DSCN9439,92,7,Playa Pelonas,,arana,,,10,2022,22-Oct,1030.1,13,0,0,0,0,,Tania
DSCN9458,93,1,Playa Pelonas,,arana,,,10,2022,22-Oct,168.578,6,0,0,1,0,,Tania
DSCN9459,93,2,Playa Pelonas,,arana,,,10,2022,22-Oct,179.396,4,0,0,0,0,,Tania
DSCN9460,93,3,Playa Pelonas,,arana,,,10,2022,22-Oct,229.511,5,0,0,0,0,,Tania
DSCN9461,93,4,Playa Pelonas,,arana,,,10,2022,22-Oct,51.568,3,0,0,1,0,,Tania
DSCN9462,93,5,Playa Pelonas,,arana,,,10,2022,22-Oct,129.841,7,1,0,2,0,,Tania
DSCN9463,93,6,Playa Pelonas,,arana,,,10,2022,22-Oct,174.783,8,0,0,0,0,,Tania
DSCN9464,93,7,Playa Pelonas,,arana,,,10,2022,22-Oct,904.979,22,0,0,1,0,,Tania
DSCN9424,94,1,Playa Pelonas,,arana,,,10,2022,22-Oct,77.45,3,0,0,0,0,,Tania
DSCN9425,94,2,Playa Pelonas,,arana,,,10,2022,22-Oct,111.177,4,0,0,1,0,,Tania
DSCN9426,94,3,Playa Pelonas,,arana,,,10,2022,22-Oct,106.924,3,0,0,1,0,,Tania
DSCN9427,94,4,Playa Pelonas,,arana,,,10,2022,22-Oct,78.469,3,0,0,0,0,,Tania
DSCN9428,94,5,Playa Pelonas,,arana,,,10,2022,22-Oct,76.064,3,0,0,0,0,,Tania
DSCN9429,94,6,Playa Pelonas,,arana,,,10,2022,22-Oct,61.347,4,0,0,0,0,,Tania
DSCN9430,94,7,Playa Pelonas,,arana,,,10,2022,22-Oct,305.268,9,0,0,0,0,,Tania
DSCN0293,91,1,Playa Pelonas,,arana,,,12,2022,dic-22,107.521,3,0,0,2,0,,Tania
DSCN0294,91,2,Playa Pelonas,,arana,,,12,2022,dic-22,137.708,6,0,0,0,0,,Tania
DSCN0295,91,3,Playa Pelonas,,arana,,,12,2022,dic-22,142.894,4,0,0,0,0,,Tania
DSCN0296,91,4,Playa Pelonas,,arana,,,12,2022,dic-22,130.768,4,0,0,0,0,,Tania
DSCN0297,91,5,Playa Pelonas,,arana,,,12,2022,dic-22,112.122,5,0,0,0,0,,Tania
DSCN0298,91,6,Playa Pelonas,,arana,,,12,2022,dic-22,122.267,6,0,0,0,0,,Tania
DSCN0299,91,7,Playa Pelonas,,arana,,,12,2022,dic-22,1258.021,15,0,0,0,1,,Tania
DSCN0268,92,1,Playa Pelonas,,arana,,,12,2022,dic-22,559.606,7,0,0,0,0,,Tania
DSCN0269,92,2,Playa Pelonas,,arana,,,12,2022,dic-22,366.986,5,0,0,0,0,,Tania
DSCN0270,92,3,Playa Pelonas,,arana,,,12,2022,dic-22,380.927,8,0,0,0,0,,Tania
DSCN0271,92,4,Playa Pelonas,,arana,,,12,2022,dic-22,236.703,6,0,0,0,0,,Tania
DSCN0272,92,5,Playa Pelonas,,arana,,,12,2022,dic-22,442.579,10,0,0,0,0,,Tania
DSCN0273,92,6,Playa Pelonas,,arana,,,12,2022,dic-22,233.459,4,0,0,0,0,,Tania
DSCN0274,92,7,Playa Pelonas,,arana,,,12,2022,dic-22,1474.21,20,0,0,0,0,,Tania
DSCN0285,93,1,Playa Pelonas,,arana,,,12,2022,dic-22,169.629,7,0,0,0,0,,Tania
DSCN0286,93,2,Playa Pelonas,,arana,,,12,2022,dic-22,176.856,3,0,0,0,0,,Tania
DSCN0287,93,3,Playa Pelonas,,arana,,,12,2022,dic-22,282.439,4,0,0,0,0,,Tania
DSCN0288,93,4,Playa Pelonas,,arana,,,12,2022,dic-22,123.028,5,0,0,0,0,,Tania
DSCN0289,93,5,Playa Pelonas,,arana,,,12,2022,dic-22,173.288,7,0,0,1,0,,Tania
DSCN0290,93,6,Playa Pelonas,,arana,,,12,2022,dic-22,173.015,6,0,0,0,0,,Tania
DSCN0291,93,7,Playa Pelonas,,arana,,,12,2022,dic-22,808.849,19,0,0,0,1,,Tania
DSCN0260,94,1,Playa Pelonas,,arana,,,12,2022,dic-22,82.52,3,0,0,0,0,,Tania
DSCN0261,94,2,Playa Pelonas,,arana,,,12,2022,dic-22,51.168,2,0,0,2,0,,Tania
DSCN0262,94,3,Playa Pelonas,,arana,,,12,2022,dic-22,107.672,3,0,0,1,0,,Tania
DSCN0263,94,4,Playa Pelonas,,arana,,,12,2022,dic-22,89.701,3,0,0,2,0,,Tania
DSCN0264,94,5,Playa Pelonas,,arana,,,12,2022,dic-22,108.066,4,0,0,1,0,,Tania
DSCN0265,94,6,Playa Pelonas,,arana,,,12,2022,dic-22,74.758,4,0,0,0,0,,Tania
DSCN0266,94,7,Playa Pelonas,,arana,,,12,2022,dic-22,474.04,14,0,0,1,0,,Tania
DSCN1109,91,1,Playa Pelonas,,arana,,,1,2023,ene-23,163.44,3,0,0,0,0,,Tania
DSCN1110,91,2,Playa Pelonas,,arana,,,1,2023,ene-23,142.406,4,0,0,0,0,,Tania
DSCN1111,91,3,Playa Pelonas,,arana,,,1,2023,ene-23,271.947,5,0,0,0,0,,Tania
DSCN1112,91,4,Playa Pelonas,,arana,,,1,2023,ene-23,222.901,7,0,0,0,0,,Tania
DSCN1113,91,5,Playa Pelonas,,arana,,,1,2023,ene-23,240.332,7,0,0,0,0,,Tania
DSCN1114,91,6,Playa Pelonas,,arana,,,1,2023,ene-23,135.296,4,0,0,0,0,,Tania
DSCN1115,91,7,Playa Pelonas,,arana,,,1,2023,ene-23,321.931,7,0,0,0,0,,Tania
DSCN1151,92,1,Playa Pelonas,,arana,,,1,2023,ene-23,585.272,8,0,0,0,0,,Tania
DSCN1152,92,2,Playa Pelonas,,arana,,,1,2023,ene-23,731.591,7,0,0,0,0,,Tania
DSCN1153,92,3,Playa Pelonas,,arana,,,1,2023,ene-23,457.888,5,0,0,0,0,,Tania
DSCN1154,92,4,Playa Pelonas,,arana,,,1,2023,ene-23,382.596,6,0,0,0,0,,Tania
DSCN1155,92,5,Playa Pelonas,,arana,,,1,2023,ene-23,571.381,8,0,0,0,0,,Tania
DSCN1156,92,6,Playa Pelonas,,arana,,,1,2023,ene-23,475.511,7,0,0,0,0,,Tania
DSCN1157,92,7,Playa Pelonas,,arana,,,1,2023,ene-23,1625.973,17,0,0,0,0,,Tania
DSCN1118,93,1,Playa Pelonas,,arana,,,1,2023,ene-23,203.222,5,0,0,0,0,,Tania
DSCN1119,93,2,Playa Pelonas,,arana,,,1,2023,ene-23,348.108,7,0,0,0,0,,Tania
DSCN1120,93,3,Playa Pelonas,,arana,,,1,2023,ene-23,281.178,7,0,0,0,0,,Tania
DSCN1121,93,4,Playa Pelonas,,arana,,,1,2023,ene-23,321.011,7,0,0,0,0,,Tania
DSCN1122,93,5,Playa Pelonas,,arana,,,1,2023,ene-23,394.631,4,0,0,0,0,,Tania
DSCN1123,93,6,Playa Pelonas,,arana,,,1,2023,ene-23,244.496,3,0,0,0,0,,Tania
DSCN1124,93,7,Playa Pelonas,,arana,,,1,2023,ene-23,947.993,15,0,0,0,0,,Tania
DSCN1142,94,1,Playa Pelonas,,arana,,,1,2023,ene-23,200.447,3,0,0,0,0,,Tania
DSCN1143,94,2,Playa Pelonas,,arana,,,1,2023,ene-23,94.085,3,0,0,0,0,,Tania
DSCN1144,94,3,Playa Pelonas,,arana,,,1,2023,ene-23,151.104,4,0,0,0,0,,Tania
DSCN1145,94,4,Playa Pelonas,,arana,,,1,2023,ene-23,155.242,4,0,0,0,0,,Tania
DSCN1146,94,5,Playa Pelonas,,arana,,,1,2023,ene-23,135.667,2,0,0,0,0,,Tania
DSCN1147,94,6,Playa Pelonas,,arana,,,1,2023,ene-23,124.08,3,0,0,0,0,"Hay uno que esta empezando a blanquearse, pero aún no",Tania
DSCN1148,94,7,Playa Pelonas,,arana,,,1,2023,ene-23,420.78,12,0,0,0,0,Repetida con la 1149,Tania
DSCN1733,91,1,Playa Pelonas,,arana,,,2,2023,23-Feb,175.654,3,0,0,0,0,,Tania
DSCN1734,91,2,Playa Pelonas,,arana,,,2,2023,23-Feb,151.755,3,0,0,0,2,,Tania
DSCN1735,91,3,Playa Pelonas,,arana,,,2,2023,23-Feb,177.938,3,0,0,0,0,,Tania
DSCN1736,91,4,Playa Pelonas,,arana,,,2,2023,23-Feb,287.011,6,0,0,0,0,,Tania
DSCN1737,91,5,Playa Pelonas,,arana,,,2,2023,23-Feb,226.777,4,0,0,0,0,,Tania
DSCN1738,91,6,Playa Pelonas,,arana,,,2,2023,23-Feb,148.254,5,0,0,0,0,,Tania
DSCN1739,91,7,Playa Pelonas,,arana,,,2,2023,23-Feb,1239.182,10,0,0,0,1,,Tania
DSCN1757,92,1,Playa Pelonas,,arana,,,2,2023,23-Feb,586.355,6,0,0,0,0,,Tania
DSCN1758,92,2,Playa Pelonas,,arana,,,2,2023,23-Feb,521.637,6,0,0,0,0,,Tania
DSCN1759,92,3,Playa Pelonas,,arana,,,2,2023,23-Feb,671.131,8,0,0,0,1,,Tania
DSCN1760,92,4,Playa Pelonas,,arana,,,2,2023,23-Feb,452.485,6,0,0,0,0,,Tania
DSCN1761,92,5,Playa Pelonas,,arana,,,2,2023,23-Feb,721.316,8,0,0,0,1,,Tania
DSCN1762,92,6,Playa Pelonas,,arana,,,2,2023,23-Feb,560.254,3,0,0,0,0,,Tania
DSCN1763,92,7,Playa Pelonas,,arana,,,2,2023,23-Feb,1370.075,11,0,0,0,2,,Tania
DSCN1741,93,1,Playa Pelonas,,arana,,,2,2023,23-Feb,245.349,5,0,0,1,1,,Tania
DSCN1742,93,2,Playa Pelonas,,arana,,,2,2023,23-Feb,320.761,7,0,0,1,0,,Tania
DSCN1743,93,3,Playa Pelonas,,arana,,,2,2023,23-Feb,224.586,7,0,0,1,0,,Tania
DSCN1744,93,4,Playa Pelonas,,arana,,,2,2023,23-Feb,279.714,6,0,0,0,0,,Tania
DSCN1745,93,5,Playa Pelonas,,arana,,,2,2023,23-Feb,375.172,5,0,0,0,1,,Tania
DSCN1746,93,6,Playa Pelonas,,arana,,,2,2023,23-Feb,299.89,3,0,0,0,0,,Tania
DSCN1747,93,7,Playa Pelonas,,arana,,,2,2023,23-Feb,1195.271,13,0,0,0,0,,Tania
DSCN1765,94,1,Playa Pelonas,,arana,,,2,2023,23-Feb,126.474,2,0,0,0,0,,Tania
DSCN1766,94,2,Playa Pelonas,,arana,,,2,2023,23-Feb,109.898,3,0,0,0,0,,Tania
DSCN1767,94,3,Playa Pelonas,,arana,,,2,2023,23-Feb,193.19,4,0,0,0,0,,Tania
DSCN1768,94,4,Playa Pelonas,,arana,,,2,2023,23-Feb,187.554,3,0,0,0,0,,Tania
DSCN1769,94,5,Playa Pelonas,,arana,,,2,2023,23-Feb,28.726,1,0,0,0,0,,Tania
DSCN1770,94,6,Playa Pelonas,,arana,,,2,2023,23-Feb,125.414,4,0,0,1,0,,Tania
DSCN1771,94,7,Playa Pelonas,,arana,,,2,2023,23-Feb,719.152,14,0,0,0,1,,Tania
DSCN2417,91,1,Playa Pelonas,,arana,,,3,2023,23-Mar,237.903,3,0,1,0,0,,Tania
DSCN2418,91,2,Playa Pelonas,,arana,,,3,2023,23-Mar,255.925,5,0,0,1,0,,Tania
DSCN2419,91,3,Playa Pelonas,,arana,,,3,2023,23-Mar,176.184,3,0,0,0,0,,Tania
DSCN2420,91,4,Playa Pelonas,,arana,,,3,2023,23-Mar,240.486,5,0,0,0,1,,Tania
DSCN2421,91,5,Playa Pelonas,,arana,,,3,2023,23-Mar,445.555,5,0,0,0,0,,Tania
DSCN2422,91,6,Playa Pelonas,,arana,,,3,2023,23-Mar,232.735,4,0,0,0,0,,Tania
DSCN2423,91,7,Playa Pelonas,,arana,,,3,2023,23-Mar,1552.859,8,0,0,0,1,,Tania
DSCN2433,92,1,Playa Pelonas,,arana,,,3,2023,23-Mar,734.699,8,0,0,0,0,,Tania
DSCN2434,92,2,Playa Pelonas,,arana,,,3,2023,23-Mar,779.976,8,0,0,0,0,,Tania
DSCN2435,92,3,Playa Pelonas,,arana,,,3,2023,23-Mar,668.901,5,0,0,0,0,,Tania
DSCN2436,92,4,Playa Pelonas,,arana,,,3,2023,23-Mar,426.477,7,0,0,0,0,,Tania
DSCN2437,92,5,Playa Pelonas,,arana,,,3,2023,23-Mar,524.632,6,0,0,0,0,,Tania
DSCN2438,92,6,Playa Pelonas,,arana,,,3,2023,23-Mar,583.851,6,0,0,0,0,,Tania
DSCN2439,92,7,Playa Pelonas,,arana,,,3,2023,23-Mar,1373.74,14,0,0,0,0,,Tania
DSCN2409,93,1,Playa Pelonas,,arana,,,3,2023,23-Mar,309.593,6,0,0,0,0,,Tania
DSCN2410,93,2,Playa Pelonas,,arana,,,3,2023,23-Mar,172.311,4,0,0,0,0,,Tania
DSCN2411,93,3,Playa Pelonas,,arana,,,3,2023,23-Mar,340.405,7,0,0,0,0,,Tania
DSCN2412,93,4,Playa Pelonas,,arana,,,3,2023,23-Mar,295.395,4,0,0,0,0,,Tania
DSCN2413,93,5,Playa Pelonas,,arana,,,3,2023,23-Mar,512.1,5,0,0,0,0,,Tania
DSCN2414,93,6,Playa Pelonas,,arana,,,3,2023,23-Mar,343.395,3,0,0,0,0,,Tania
DSCN2415,93,7,Playa Pelonas,,arana,,,3,2023,23-Mar,989.756,13,0,0,0,0,,Tania
DSCN2441,94,1,Playa Pelonas,,arana,,,3,2023,23-Mar,159.562,2,0,0,0,0,,Tania
DSCN2442,94,2,Playa Pelonas,,arana,,,3,2023,23-Mar,123.834,3,0,0,0,0,,Tania
DSCN2443,94,3,Playa Pelonas,,arana,,,3,2023,23-Mar,284.105,4,0,0,0,0,,Tania
DSCN2444,94,4,Playa Pelonas,,arana,,,3,2023,23-Mar,182.728,3,0,0,1,0,,Tania
DSCN2445,94,5,Playa Pelonas,,arana,,,3,2023,23-Mar,174.48,2,0,1,0,0,,Tania
DSCN2446,94,6,Playa Pelonas,,arana,,,3,2023,23-Mar,74.801,2,0,0,0,0,,Tania
DSCN2447,94,7,Playa Pelonas,,arana,,,3,2023,23-Mar,760.02,13,0,0,0,0,,Tania
DSCN3299,91,1,Playa Pelonas,,arana,,,4,2023,abr-23,233.233,3,0,0,0,0,,Tania
DSCN3300,91,2,Playa Pelonas,,arana,,,4,2023,abr-23,205.846,4,0,0,0,0,,Tania
DSCN3301,91,3,Playa Pelonas,,arana,,,4,2023,abr-23,182.123,4,0,0,0,0,,Tania
DSCN3302,91,4,Playa Pelonas,,arana,,,4,2023,abr-23,277.678,7,0,0,0,0,,Tania
DSCN3303,91,5,Playa Pelonas,,arana,,,4,2023,abr-23,214.067,5,0,0,0,0,,Tania
DSCN3304,91,6,Playa Pelonas,,arana,,,4,2023,abr-23,188.701,3,0,0,0,0,,Tania
DSCN3305,91,7,Playa Pelonas,,arana,,,4,2023,abr-23,1231.763,7,0,0,0,0,,Tania
DSCN3315,92,1,Playa Pelonas,,arana,,,4,2023,abr-23,866.879,8,0,0,0,0,,Tania
DSCN3316,92,2,Playa Pelonas,,arana,,,4,2023,abr-23,938.762,7,0,0,0,0,,Tania
DSCN3317,92,3,Playa Pelonas,,arana,,,4,2023,abr-23,714.811,8,0,1,0,0,,Tania
DSCN3318,92,4,Playa Pelonas,,arana,,,4,2023,abr-23,415.447,6,0,0,0,0,,Tania
DSCN3319,92,5,Playa Pelonas,,arana,,,4,2023,abr-23,696.371,6,0,0,0,0,,Tania
DSCN3320,92,6,Playa Pelonas,,arana,,,4,2023,abr-23,493.263,7,0,0,0,0,,Tania
DSCN3321,92,7,Playa Pelonas,,arana,,,4,2023,abr-23,1462.899,9,0,0,0,0,,Tania
DSCN3291,93,1,Playa Pelonas,,arana,,,4,2023,abr-23,280.934,6,0,0,1,0,,Tania
DSCN3292,93,2,Playa Pelonas,,arana,,,4,2023,abr-23,456.443,9,0,0,0,0,,Tania
DSCN3293,93,3,Playa Pelonas,,arana,,,4,2023,abr-23,362.456,8,0,0,0,0,,Tania
DSCN3294,93,4,Playa Pelonas,,arana,,,4,2023,abr-23,234.28,5,0,0,0,0,,Tania
DSCN3295,93,5,Playa Pelonas,,arana,,,4,2023,abr-23,278.665,4,0,0,0,0,,Tania
DSCN3296,93,6,Playa Pelonas,,arana,,,4,2023,abr-23,340.067,3,0,0,0,0,,Tania
DSCN3297,93,7,Playa Pelonas,,arana,,,4,2023,abr-23,914.466,12,0,0,0,0,,Tania
DSCN3323,94,1,Playa Pelonas,,arana,,,4,2023,abr-23,148.42,2,0,0,0,0,,Tania
DSCN3324,94,2,Playa Pelonas,,arana,,,4,2023,abr-23,138.55,4,0,0,0,0,,Tania
DSCN3325,94,3,Playa Pelonas,,arana,,,4,2023,abr-23,183.832,4,0,0,0,0,,Tania
DSCN3326,94,4,Playa Pelonas,,arana,,,4,2023,abr-23,179.818,3,0,1,0,0,,Tania
DSCN3327,94,5,Playa Pelonas,,arana,,,4,2023,abr-23,38.797,2,0,1,0,0,,Tania
DSCN3328,94,6,Playa Pelonas,,arana,,,4,2023,abr-23,35.589,2,0,0,0,0,,Tania
DSCN3329,94,7,Playa Pelonas,,arana,,,4,2023,abr-23,755.342,12,0,0,0,0,,Tania
DSCN0890,117,1,Playa Pelonas,,arana,,,7,2022,23-Jul,234.184,11,0,0,0,0,,Tania
DSCN0891,117,2,Playa Pelonas,,arana,,,7,2022,23-Jul,299.36,14,0,0,0,0,,Tania
DSCN0892,117,3,Playa Pelonas,,arana,,,7,2022,23-Jul,233.557,12,0,0,0,0,,Tania
DSCN0893,117,4,Playa Pelonas,,arana,,,7,2022,23-Jul,271.172,11,0,0,0,0,,Tania
DSCN0894,117,5,Playa Pelonas,,arana,,,7,2022,23-Jul,291.229,16,0,0,0,0,,Tania
DSCN0895,117,6,Playa Pelonas,,arana,,,7,2022,23-Jul,210.775,11,0,0,0,0,,Tania
DSCN0896,117,7,Playa Pelonas,,arana,,,7,2022,23-Jul,391.743,25,0,0,0,0,,Tania
DSCN0898,119,1,Playa Pelonas,,arana,,,7,2022,23-Jul,179.453,7,0,0,1,0,,Tania
DSCN0899,119,2,Playa Pelonas,,arana,,,7,2022,23-Jul,103.768,10,0,0,0,0,,Tania
DSCN0900,119,3,Playa Pelonas,,arana,,,7,2022,23-Jul,103.448,8,0,0,0,0,,Tania
DSCN0901,119,4,Playa Pelonas,,arana,,,7,2022,23-Jul,142.127,6,0,0,0,0,,Tania
DSCN0902,119,5,Playa Pelonas,,arana,,,7,2022,23-Jul,102.491,4,0,0,0,0,,Tania
DSCN0903,119,6,Playa Pelonas,,arana,,,7,2022,23-Jul,113.472,9,0,0,0,0,,Tania
DSCN0904,119,7,Playa Pelonas,,arana,,,7,2022,23-Jul,495.019,20,0,0,0,0,,Tania
DSCN1632,117,1,Playa Pelonas,,arana,,,8,2022,ago-23,481.677,15,0,0,0,0,,Tania
DSCN1633,117,2,Playa Pelonas,,arana,,,8,2022,ago-23,250.017,12,0,0,0,0,,Tania
DSCN1634,117,3,Playa Pelonas,,arana,,,8,2022,ago-23,229.896,14,0,0,0,0,,Tania
DSCN1635,117,4,Playa Pelonas,,arana,,,8,2022,ago-23,378.461,17,0,0,0,0,,Tania
DSCN1636,117,5,Playa Pelonas,,arana,,,8,2022,ago-23,304.554,12,1,0,0,0,,Tania
DSCN1637,117,6,Playa Pelonas,,arana,,,8,2022,ago-23,233.825,12,0,0,0,0,,Tania
DSCN1638,117,7,Playa Pelonas,,arana,,,8,2022,ago-23,569.064,21,0,0,0,0,,Tania
DSCN1658,119,1,Playa Pelonas,,arana,,,8,2022,ago-23,241.624,8,0,0,1,0,,Tania
DSCN1659,119,2,Playa Pelonas,,arana,,,8,2022,ago-23,175.001,10,0,0,0,0,,Tania
DSCN1660,119,3,Playa Pelonas,,arana,,,8,2022,ago-23,297.926,13,0,0,0,0,,Tania
DSCN1661,119,4,Playa Pelonas,,arana,,,8,2022,ago-23,189.911,7,0,0,0,0,,Tania
DSCN1662,119,5,Playa Pelonas,,arana,,,8,2022,ago-23,131.433,6,0,0,0,0,,Tania
DSCN1663,119,6,Playa Pelonas,,arana,,,8,2022,ago-23,163.859,7,0,0,0,0,,Tania
DSCN1665,119,7,Playa Pelonas,,arana,,,8,2022,ago-23,393.303,16,0,0,0,0,,Tania
DSCN8825,117,1,Playa Pelonas,,arana,,,9,2022,23-Sep,341.601,10,0,0,0,0,,Tania
DSCN8826,117,2,Playa Pelonas,,arana,,,9,2022,23-Sep,289.173,12,0,0,0,0,,Tania
DSCN8827,117,3,Playa Pelonas,,arana,,,9,2022,23-Sep,301.586,11,0,0,0,0,,Tania
DSCN8828,117,4,Playa Pelonas,,arana,,,9,2022,23-Sep,388.932,12,0,0,0,0,,Tania
DSCN8829,117,5,Playa Pelonas,,arana,,,9,2022,23-Sep,363.462,13,0,1,0,0,,Tania
DSCN8830,117,6,Playa Pelonas,,arana,,,9,2022,23-Sep,249.639,11,0,0,0,0,,Tania
DSCN8831,117,7,Playa Pelonas,,arana,,,9,2022,23-Sep,701.884,24,0,0,0,0,,Tania
DSCN8816,119,1,Playa Pelonas,,arana,,,9,2022,23-Sep,220.612,7,0,0,1,0,,Tania
DSCN8817,119,2,Playa Pelonas,,arana,,,9,2022,23-Sep,133.202,5,0,0,0,0,,Tania
DSCN8819,119,3,Playa Pelonas,,arana,,,9,2022,23-Sep,132.433,7,0,0,0,0,,Tania
DSCN8820,119,4,Playa Pelonas,,arana,,,9,2022,23-Sep,187.184,7,0,0,0,0,,Tania
DSCN8821,119,5,Playa Pelonas,,arana,,,9,2022,23-Sep,168.949,6,0,0,0,0,,Tania
DSCN8822,119,6,Playa Pelonas,,arana,,,9,2022,23-Sep,150.798,7,0,0,0,0,,Tania
DSCN8823,119,7,Playa Pelonas,,arana,,,9,2022,23-Sep,727.874,21,0,0,0,0,,Tania
P5240136,91,1,Playa Pelonas,,arana,,,5,2023,23-May,238.782,3,0,0,0,0,,Tania
P5240137,91,2,Playa Pelonas,,arana,,,5,2023,23-May,148.017,3,0,1,1,0,,Tania
P5240138,91,3,Playa Pelonas,,arana,,,5,2023,23-May,105.844,3,0,1,0,0,,Tania
P5240139,91,4,Playa Pelonas,,arana,,,5,2023,23-May,289.521,6,0,1,0,0,,Tania
P5240140,91,5,Playa Pelonas,,arana,,,5,2023,23-May,253.981,3,0,0,0,0,,Tania
P5240141,91,6,Playa Pelonas,,arana,,,5,2023,23-May,134.171,2,0,0,1,0,,Tania
P5240142,91,7,Playa Pelonas,,arana,,,5,2023,23-May,896.918,11,0,0,0,0,,Tania
P5240094,92,1,Playa Pelonas,,arana,,,5,2023,23-May,740.099,8,0,0,0,0,Repetida con 95,Tania
P5240096,92,2,Playa Pelonas,,arana,,,5,2023,23-May,605.803,6,0,1,0,0,,Tania
P5240097,92,3,Playa Pelonas,,arana,,,5,2023,23-May,597.341,6,0,1,0,0,,Tania
P5240098,92,4,Playa Pelonas,,arana,,,5,2023,23-May,398.184,4,0,0,0,0,,Tania
P5240099,92,5,Playa Pelonas,,arana,,,5,2023,23-May,597.005,6,0,1,0,0,,Tania
P5240100,92,6,Playa Pelonas,,arana,,,5,2023,23-May,515.794,6,0,0,0,0,Repetida con 101,Tania
P5240102,92,7,Playa Pelonas,,arana,,,5,2023,23-May,1148.329,11,0,1,0,0,,Tania
P5240145,93,1,Playa Pelonas,,arana,,,5,2023,23-May,130.026,5,2,0,0,0,Estaban rotulados como 95,Tania
P5240146,93,2,Playa Pelonas,,arana,,,5,2023,23-May,292.155,6,1,0,0,0,Estaban rotulados como 95,Tania
P5240147,93,3,Playa Pelonas,,arana,,,5,2023,23-May,332.376,8,0,1,0,0,Estaban rotulados como 95,Tania
P5240148,93,4,Playa Pelonas,,arana,,,5,2023,23-May,263.332,5,0,0,0,0,Estaban rotulados como 95,Tania
P5240149,93,5,Playa Pelonas,,arana,,,5,2023,23-May,236.742,4,0,1,0,0,Estaban rotulados como 95,Tania
P5240150,93,6,Playa Pelonas,,arana,,,5,2023,23-May,162.919,4,0,1,0,0,Estaban rotulados como 95,Tania
P5240151,93,7,Playa Pelonas,,arana,,,5,2023,23-May,963.926,11,0,0,0,0,Estaban rotulados como 95. Repetida con la 152,Tania
P5240108,94,1,Playa Pelonas,,arana,,,5,2023,23-May,160.933,3,0,0,0,0,,Tania
P5240109,94,2,Playa Pelonas,,arana,,,5,2023,23-May,289.407,6,0,0,0,0,,Tania
P5240110,94,3,Playa Pelonas,,arana,,,5,2023,23-May,147.401,3,0,0,1,0,,Tania
P5240111,94,4,Playa Pelonas,,arana,,,5,2023,23-May,92.481,3,0,0,1,0,,Tania
P5240112,94,5,Playa Pelonas,,arana,,,5,2023,23-May,90.022,4,1,0,0,0,,Tania
P5240113,94,6,Playa Pelonas,,arana,,,5,2023,23-May,79.964,5,0,0,0,0,,Tania
P5240114,94,7,Playa Pelonas,,arana,,,5,2023,23-May,875.898,13,1,0,0,0,Repetido con la 15,Tania
DSCN5141,91,1,Playa Pelonas,,arana,,,6,2023,23-Jun,239.255,3,0,0,0,0,,Tania
DSCN5142,91,2,Playa Pelonas,,arana,,,6,2023,23-Jun,186.178,4,0,0,0,0,,Tania
DSCN5143,91,3,Playa Pelonas,,arana,,,6,2023,23-Jun,291.131,4,0,0,0,0,,Tania
DSCN5144,91,4,Playa Pelonas,,arana,,,6,2023,23-Jun,222.026,4,0,0,0,0,,Tania
DSCN5145,91,5,Playa Pelonas,,arana,,,6,2023,23-Jun,247.92,4,0,0,0,0,,Tania
DSCN5146,91,6,Playa Pelonas,,arana,,,6,2023,23-Jun,186.649,2,0,0,1,0,,Tania
DSCN5148,91,7,Playa Pelonas,,arana,,,6,2023,23-Jun,1354.902,11,0,0,0,0,,Tania
DSCN5177,92,1,Playa Pelonas,,arana,,,6,2023,23-Jun,901.852,8,0,0,0,0,,Tania
DSCN5178,92,2,Playa Pelonas,,arana,,,6,2023,23-Jun,365.046,3,0,0,0,0,,Tania
DSCN5180,92,3,Playa Pelonas,,arana,,,6,2023,23-Jun,503.793,5,0,0,1,0,,Tania
DSCN5182,92,4,Playa Pelonas,,arana,,,6,2023,23-Jun,316.545,4,0,0,0,1,,Tania
DSCN5183,92,5,Playa Pelonas,,arana,,,6,2023,23-Jun,712.671,5,0,1,0,0,,Tania
DSCN5185,92,6,Playa Pelonas,,arana,,,6,2023,23-Jun,512.238,4,0,0,0,0,,Tania
DSCN5188,92,7,Playa Pelonas,,arana,,,6,2023,23-Jun,1287.33,9,0,0,1,0,,Tania
DSCN5151,93,1,Playa Pelonas,,arana,,,6,2023,23-Jun,252.218,5,2,0,0,0,,Tania
DSCN5152,93,2,Playa Pelonas,,arana,,,6,2023,23-Jun,288.763,6,0,0,0,0,,Tania
DSCN5153,93,3,Playa Pelonas,,arana,,,6,2023,23-Jun,211.525,6,0,0,0,0,,Tania
DSCN5154,93,4,Playa Pelonas,,arana,,,6,2023,23-Jun,324.875,6,0,0,0,0,,Tania
DSCN5156,93,5,Playa Pelonas,,arana,,,6,2023,23-Jun,251.019,2,0,0,0,0,,Tania
DSCN5157,93,6,Playa Pelonas,,arana,,,6,2023,23-Jun,240.684,3,0,0,0,0,,Tania
DSCN5159,93,7,Playa Pelonas,,arana,,,6,2023,23-Jun,1099.739,8,0,0,1,0,,Tania
DSCN5190,94,1,Playa Pelonas,,arana,,,6,2023,23-Jun,124.246,2,0,0,0,0,,Tania
DSCN5191,94,2,Playa Pelonas,,arana,,,6,2023,23-Jun,257.57,5,0,0,0,0,,Tania
DSCN5192,94,3,Playa Pelonas,,arana,,,6,2023,23-Jun,149.994,2,0,0,0,0,,Tania
DSCN5193,94,4,Playa Pelonas,,arana,,,6,2023,23-Jun,120.363,3,0,1,0,0,,Tania
DSCN5194,94,5,Playa Pelonas,,arana,,,6,2023,23-Jun,67.93,2,1,0,0,0,,Tania
DSCN5195,94,6,Playa Pelonas,,arana,,,6,2023,23-Jun,101.191,5,0,0,0,0,,Tania
DSCN5197,94,7,Playa Pelonas,,arana,,,6,2023,23-Jun,562.463,11,0,0,0,0,,Tania
DSCN8389,91,1,Playa Pelonas,,arana,,,7,2023,23-Jul,276.875,3,0,0,0,0,,Tania
DSCN8390,91,2,Playa Pelonas,,arana,,,7,2023,23-Jul,209.406,5,0,0,1,0,,Tania
DSCN8391,91,3,Playa Pelonas,,arana,,,7,2023,23-Jul,200.224,3,0,0,0,0,,Tania
DSCN8392,91,4,Playa Pelonas,,arana,,,7,2023,23-Jul,372.607,5,0,0,0,0,,Tania
DSCN8393,91,5,Playa Pelonas,,arana,,,7,2023,23-Jul,291.495,3,0,0,0,0,,Tania
DSCN8394,91,6,Playa Pelonas,,arana,,,7,2023,23-Jul,164.464,2,1,0,0,0,,Tania
DSCN8395,91,7,Playa Pelonas,,arana,,,7,2023,23-Jul,1496.308,10,0,0,0,0,,Tania
DSCN8408,92,1,Playa Pelonas,,arana,,,7,2023,23-Jul,714.255,7,0,0,0,0,,Tania
DSCN8409,92,2,Playa Pelonas,,arana,,,7,2023,23-Jul,657.437,7,0,0,0,0,,Tania
DSCN8410,92,3,Playa Pelonas,,arana,,,7,2023,23-Jul,566.486,5,0,1,1,0,,Tania
DSCN8411,92,4,Playa Pelonas,,arana,,,7,2023,23-Jul,355.689,4,0,0,0,1,,Tania
DSCN8412,92,5,Playa Pelonas,,arana,,,7,2023,23-Jul,782.447,7,0,0,0,0,,Tania
DSCN8413,92,6,Playa Pelonas,,arana,,,7,2023,23-Jul,727.354,9,0,0,0,0,,Tania
DSCN8414,92,7,Playa Pelonas,,arana,,,7,2023,23-Jul,1559.853,10,0,0,0,3,,Tania
DSCN8381,93,1,Playa Pelonas,,arana,,,7,2023,23-Jul,286.992,4,0,0,0,0,,Tania
DSCN8382,93,2,Playa Pelonas,,arana,,,7,2023,23-Jul,480.134,7,0,0,0,0,,Tania
DSCN8383,93,3,Playa Pelonas,,arana,,,7,2023,23-Jul,396.16,7,0,0,0,0,,Tania
DSCN8384,93,4,Playa Pelonas,,arana,,,7,2023,23-Jul,301.741,4,0,0,0,0,,Tania
DSCN8385,93,5,Playa Pelonas,,arana,,,7,2023,23-Jul,419.505,3,0,0,0,0,,Tania
DSCN8386,93,6,Playa Pelonas,,arana,,,7,2023,23-Jul,237.945,2,0,0,0,0,,Tania
DSCN8387,93,7,Playa Pelonas,,arana,,,7,2023,23-Jul,1177.86,11,0,0,1,0,,Tania
DSCN8416,94,1,Playa Pelonas,,arana,,,7,2023,23-Jul,167.105,3,0,0,0,0,,Tania
DSCN8417,94,2,Playa Pelonas,,arana,,,7,2023,23-Jul,287.584,5,0,0,0,0,,Tania
DSCN8418,94,3,Playa Pelonas,,arana,,,7,2023,23-Jul,205.511,3,0,0,0,0,,Tania
DSCN8419,94,4,Playa Pelonas,,arana,,,7,2023,23-Jul,98.779,2,0,1,0,0,,Tania
DSCN8420,94,5,Playa Pelonas,,arana,,,7,2023,23-Jul,115.56,4,0,1,0,0,,Tania
DSCN8421,94,6,Playa Pelonas,,arana,,,7,2023,23-Jul,145.245,6,1,0,0,0,,Tania
DSCN8422,94,7,Playa Pelonas,,arana,,,7,2023,23-Jul,480.57,9,0,0,0,0,,Tania
DSCN9388,91,1,Playa Pelonas,,arana,,,8,2023,ago-23,330.427,5,0,0,0,0,,Tania
DSCN9389,91,2,Playa Pelonas,,arana,,,8,2023,ago-23,150.747,3,0,1,0,0,,Tania
DSCN9390,91,3,Playa Pelonas,,arana,,,8,2023,ago-23,270.19,3,1,1,0,0,,Tania
DSCN9391,91,4,Playa Pelonas,,arana,,,8,2023,ago-23,318.526,7,0,0,0,0,,Tania
DSCN9392,91,5,Playa Pelonas,,arana,,,8,2023,ago-23,394.597,4,0,0,0,0,,Tania
DSCN9393,91,6,Playa Pelonas,,arana,,,8,2023,ago-23,224.018,3,0,0,1,0,,Tania
DSCN9394,91,7,Playa Pelonas,,arana,,,8,2023,ago-23,1220.335,4,0,0,1,0,,Tania
DSCN9404,92,1,Playa Pelonas,,arana,,,8,2023,ago-23,589.645,7,0,0,0,0,,Tania
DSCN9405,92,2,Playa Pelonas,,arana,,,8,2023,ago-23,411.924,4,0,0,0,0,,Tania
DSCN9406,92,3,Playa Pelonas,,arana,,,8,2023,ago-23,796.492,8,0,1,0,0,,Tania
DSCN9407,92,4,Playa Pelonas,,arana,,,8,2023,ago-23,547.154,7,0,0,0,1,,Tania
DSCN9408,92,5,Playa Pelonas,,arana,,,8,2023,ago-23,662.61,7,0,0,0,0,,Tania
DSCN9409,92,6,Playa Pelonas,,arana,,,8,2023,ago-23,457.726,7,0,1,0,0,,Tania
DSCN9410,92,7,Playa Pelonas,,arana,,,8,2023,ago-23,1770.426,12,0,0,0,2,revisar la cantidad de fragmentos,Tania
DSCN9380,93,1,Playa Pelonas,,arana,,,8,2023,ago-23,431.625,8,0,1,0,0,,Tania
DSCN9381,93,2,Playa Pelonas,,arana,,,8,2023,ago-23,345.261,7,0,0,0,0,,Tania
DSCN9382,93,3,Playa Pelonas,,arana,,,8,2023,ago-23,420.35,7,0,0,0,0,,Tania
DSCN9383,93,4,Playa Pelonas,,arana,,,8,2023,ago-23,372.567,4,0,0,0,0,,Tania
DSCN9384,93,5,Playa Pelonas,,arana,,,8,2023,ago-23,502.432,4,0,0,0,0,,Tania
DSCN9385,93,6,Playa Pelonas,,arana,,,8,2023,ago-23,273.646,3,0,1,0,0,,Tania
DSCN9386,93,7,Playa Pelonas,,arana,,,8,2023,ago-23,1113.863,15,0,0,1,0,,Tania
DSCN9412,94,1,Playa Pelonas,,arana,,,8,2023,ago-23,156.982,3,0,0,0,0,,Tania
DSCN9413,94,2,Playa Pelonas,,arana,,,8,2023,ago-23,381.153,7,0,0,0,0,,Tania
DSCN9414,94,3,Playa Pelonas,,arana,,,8,2023,ago-23,140.431,2,0,0,0,0,,Tania
DSCN9415,94,4,Playa Pelonas,,arana,,,8,2023,ago-23,205.942,3,0,1,0,0,,Tania
DSCN9416,94,5,Playa Pelonas,,arana,,,8,2023,ago-23,77.031,2,1,0,0,0,,Tania
DSCN9417,94,6,Playa Pelonas,,arana,,,8,2023,ago-23,124.733,5,0,0,0,0,,Tania
DSCN9418,94,7,Playa Pelonas,,arana,,,8,2023,ago-23,676.32,11,0,0,0,0,,Tania
P9235275,91,1,Playa Pelonas,,arana,,,9,2023,set-23,368.959,6,0,0,0,0,,Tania
P9235276,91,2,Playa Pelonas,,arana,,,9,2023,set-23,369.289,5,0,0,1,0,,Tania
P9235277,91,3,Playa Pelonas,,arana,,,9,2023,set-23,607.001,7,0,0,0,1,,Tania
P9235278,91,4,Playa Pelonas,,arana,,,9,2023,set-23,437.563,7,0,0,1,1,,Tania
P9235279,91,5,Playa Pelonas,,arana,,,9,2023,set-23,156.141,3,0,0,0,0,,Tania
P9235280,91,6,Playa Pelonas,,arana,,,9,2023,set-23,256.806,2,0,0,2,0,,Tania
P9235282,91,7,Playa Pelonas,,arana,,,9,2023,set-23,1380.999,10,1,0,0,0,,Tania
P9235291,92,1,Playa Pelonas,,arana,,,9,2023,set-23,590.705,8,0,0,0,0,,Tania
P9235292,92,2,Playa Pelonas,,arana,,,9,2023,set-23,1051.294,5,0,0,0,0,,Tania
P9235293,92,3,Playa Pelonas,,arana,,,9,2023,set-23,813.697,6,0,0,0,0,,Tania
P9235294,92,4,Playa Pelonas,,arana,,,9,2023,set-23,568.473,4,0,0,0,1,,Tania
P9235295,92,5,Playa Pelonas,,arana,,,9,2023,set-23,557.817,5,0,0,0,0,,Tania
P9235296,92,6,Playa Pelonas,,arana,,,9,2023,set-23,707.298,4,0,0,0,0,No estoy segura del número de fragmentos,Tania
P9235298,92,7,Playa Pelonas,,arana,,,9,2023,set-23,1833.838,10,0,0,0,0,,Tania
P9235267,93,1,Playa Pelonas,,arana,,,9,2023,set-23,345.045,7,1,1,0,0,,Tania
P9235268,93,2,Playa Pelonas,,arana,,,9,2023,set-23,640.762,8,0,0,0,0,,Tania
P9235269,93,3,Playa Pelonas,,arana,,,9,2023,set-23,415.65,8,0,0,0,0,,Tania
P9235270,93,4,Playa Pelonas,,arana,,,9,2023,set-23,647.993,5,0,0,0,0,,Tania
P9235271,93,5,Playa Pelonas,,arana,,,9,2023,set-23,498.011,3,0,0,0,0,,Tania
P9235272,93,6,Playa Pelonas,,arana,,,9,2023,set-23,264.976,3,0,1,0,0,,Tania
P9235273,93,7,Playa Pelonas,,arana,,,9,2023,set-23,1246.468,15,0,1,1,0,,Tania
P9235310,94,1,Playa Pelonas,,arana,,,9,2023,set-23,169.976,3,0,0,1,0,,Tania
P9235311,94,2,Playa Pelonas,,arana,,,9,2023,set-23,435.564,7,0,0,0,0,,Tania
P9235312,94,3,Playa Pelonas,,arana,,,9,2023,set-23,253.296,3,0,0,0,0,,Tania
P9235313,94,4,Playa Pelonas,,arana,,,9,2023,set-23,213.04,3,0,0,0,0,,Tania
P9235314,94,5,Playa Pelonas,,arana,,,9,2023,set-23,103.383,4,1,0,0,0,,Tania
P9235315,94,6,Playa Pelonas,,arana,,,9,2023,set-23,131.108,4,0,0,1,0,,Tania
P9235316,94,7,Playa Pelonas,,arana,,,9,2023,set-23,889.818,10,0,0,0,0,,Tania
PA200208,91,1,Playa Pelonas,,arana,,,10,2023,24-Oct,365.422,4,0,0,1,0,,Tania
PA200209,91,2,Playa Pelonas,,arana,,,10,2023,24-Oct,293.536,4,0,0,1,0,,Tania
PA200210,91,3,Playa Pelonas,,arana,,,10,2023,24-Oct,307.542,7,5,0,0,0,,Tania
PA200211,91,4,Playa Pelonas,,arana,,,10,2023,24-Oct,263.022,8,2,0,0,2,,Tania
PA200212,91,5,Playa Pelonas,,arana,,,10,2023,24-Oct,307.923,7,1,0,0,0,,Tania
PA200213,91,6,Playa Pelonas,,arana,,,10,2023,24-Oct,237.298,4,0,0,2,0,,Tania
PA200214,91,7,Playa Pelonas,,arana,,,10,2023,24-Oct,608.487,9,4,0,0,2,,Tania
PA200228,92,1,Playa Pelonas,,arana,,,10,2023,24-Oct,1120.414,10,1,0,0,1,,Tania
PA200229,92,2,Playa Pelonas,,arana,,,10,2023,24-Oct,1033.863,10,0,0,0,2,,Tania
PA200230,92,3,Playa Pelonas,,arana,,,10,2023,24-Oct,770.38,7,0,0,0,0,,Tania
PA200231,92,4,Playa Pelonas,,arana,,,10,2023,24-Oct,1462.949,9,0,0,0,0,,Tania
PA200232,92,5,Playa Pelonas,,arana,,,10,2023,24-Oct,855.371,7,0,0,0,2,,Tania
PA200233,92,6,Playa Pelonas,,arana,,,10,2023,24-Oct,1096.649,9,0,0,0,0,,Tania
PA200234,92,7,Playa Pelonas,,arana,,,10,2023,24-Oct,1522.747,18,1,0,0,1,,Tania
PA200216,93,1,Playa Pelonas,,arana,,,10,2023,24-Oct,277.918,5,0,1,0,1,,Tania
PA200217,93,2,Playa Pelonas,,arana,,,10,2023,24-Oct,412.352,7,0,1,0,2,,Tania
PA200218,93,3,Playa Pelonas,,arana,,,10,2023,24-Oct,265.772,9,0,0,0,1,,Tania
PA200219,93,4,Playa Pelonas,,arana,,,10,2023,24-Oct,481.225,7,1,0,0,0,,Tania
PA200220,93,5,Playa Pelonas,,arana,,,10,2023,24-Oct,367.525,7,1,0,0,0,,Tania
PA200221,93,6,Playa Pelonas,,arana,,,10,2023,24-Oct,260.402,4,0,1,0,1,,Tania
PA200222,93,7,Playa Pelonas,,arana,,,10,2023,24-Oct,1178.936,13,1,0,0,1,,Tania
NA,94,1,Playa Pelonas,,arana,,,10,2023,24-Oct,NA,NA,NA,NA,NA,NA,No hay carpeta,Tania
NA,94,2,Playa Pelonas,,arana,,,10,2023,24-Oct,NA,NA,NA,NA,NA,NA,No hay carpeta,Tania
NA,94,3,Playa Pelonas,,arana,,,10,2023,24-Oct,NA,NA,NA,NA,NA,NA,No hay carpeta,Tania
NA,94,4,Playa Pelonas,,arana,,,10,2023,24-Oct,NA,NA,NA,NA,NA,NA,No hay carpeta,Tania
NA,94,5,Playa Pelonas,,arana,,,10,2023,24-Oct,NA,NA,NA,NA,NA,NA,No hay carpeta,Tania
NA,94,6,Playa Pelonas,,arana,,,10,2023,24-Oct,NA,NA,NA,NA,NA,NA,No hay carpeta,Tania
NA,94,7,Playa Pelonas,,arana,,,10,2023,24-Oct,NA,NA,NA,NA,NA,NA,No hay carpeta,Tania
DSCN1736,91,1,Playa Pelonas,,arana,,,11,2023,24-Nov,299.67,4,0,0,0,0,,Tania
DSCN1737,91,2,Playa Pelonas,,arana,,,11,2023,24-Nov,167.74,3,0,0,0,0,,Tania
DSCN1738,91,3,Playa Pelonas,,arana,,,11,2023,24-Nov,292.006,5,3,0,0,0,,Tania
DSCN1739,91,4,Playa Pelonas,,arana,,,11,2023,24-Nov,345.162,5,1,0,0,2,,Tania
DSCN1740,91,5,Playa Pelonas,,arana,,,11,2023,24-Nov,355.621,7,2,0,0,0,,Tania
DSCN1741,91,6,Playa Pelonas,,arana,,,11,2023,24-Nov,248.569,3,0,0,0,0,,Tania
DSCN1742,91,7,Playa Pelonas,,arana,,,11,2023,24-Nov,313.957,5,0,2,1,1,,Tania
DSCN1720,92,1,Playa Pelonas,,arana,,,11,2023,24-Nov,862.679,9,1,1,0,1,,Tania
DSCN1721,92,2,Playa Pelonas,,arana,,,11,2023,24-Nov,504.748,6,0,0,0,3,,Tania
DSCN1722,92,3,Playa Pelonas,,arana,,,11,2023,24-Nov,726.423,6,0,1,0,0,,Tania
DSCN1723,92,4,Playa Pelonas,,arana,,,11,2023,24-Nov,670.311,8,0,2,0,2,,Tania
DSCN1724,92,5,Playa Pelonas,,arana,,,11,2023,24-Nov,621.418,6,0,0,0,2,,Tania
DSCN1725,92,6,Playa Pelonas,,arana,,,11,2023,24-Nov,429.097,8,0,0,0,0,,Tania
DSCN1726,92,7,Playa Pelonas,,arana,,,11,2023,24-Nov,1688.146,16,2,0,0,9,,Tania
DSCN1744,93,1,Playa Pelonas,,arana,,,11,2023,24-Nov,194.342,5,1,0,0,2,,Tania
DSCN1745,93,2,Playa Pelonas,,arana,,,11,2023,24-Nov,347.213,6,0,1,0,4,,Tania
DSCN1746,93,3,Playa Pelonas,,arana,,,11,2023,24-Nov,304.672,6,0,0,1,0,,Tania
DSCN1747,93,4,Playa Pelonas,,arana,,,11,2023,24-Nov,369.816,6,1,0,0,3,,Tania
DSCN1748,93,5,Playa Pelonas,,arana,,,11,2023,24-Nov,552.483,6,1,0,0,1,,Tania
DSCN1749,93,6,Playa Pelonas,,arana,,,11,2023,24-Nov,270.265,3,1,0,0,1,,Tania
DSCN1750,93,7,Playa Pelonas,,arana,,,11,2023,24-Nov,1244.461,15,2,1,0,4,,Tania
NA,94,1,Playa Pelonas,,arana,,,11,2023,24-Nov,NA,NA,NA,NA,NA,NA,No hay carpeta,Tania
NA,94,2,Playa Pelonas,,arana,,,11,2023,24-Nov,NA,NA,NA,NA,NA,NA,No hay carpeta,Tania
NA,94,3,Playa Pelonas,,arana,,,11,2023,24-Nov,NA,NA,NA,NA,NA,NA,No hay carpeta,Tania
NA,94,4,Playa Pelonas,,arana,,,11,2023,24-Nov,NA,NA,NA,NA,NA,NA,No hay carpeta,Tania
NA,94,5,Playa Pelonas,,arana,,,11,2023,24-Nov,NA,NA,NA,NA,NA,NA,No hay carpeta,Tania
NA,94,6,Playa Pelonas,,arana,,,11,2023,24-Nov,NA,NA,NA,NA,NA,NA,No hay carpeta,Tania
NA,94,7,Playa Pelonas,,arana,,,11,2023,24-Nov,NA,NA,NA,NA,NA,NA,No hay carpeta,Tania
DSCN8439,117,1,Playa Pelonas,,arana,,,1,2024,ene-24,709.9,10,1,1,1,0,,Emma
DSCN8440,117,2,Playa Pelonas,,arana,,,1,2024,ene-24,487.82,12,1,1,1,0,,Emma
DSCN8441,117,3,Playa Pelonas,,arana,,,1,2024,ene-24,371.42,7,0,1,0,0,,Emma
DSCN8442,117,4,Playa Pelonas,,arana,,,1,2024,ene-24,1043.6,13,0,1,0,0,,Emma
DSCN8443,117,5,Playa Pelonas,,arana,,,1,2024,ene-24,657.61,10,1,1,0,0,,Emma
DSCN8444,117,6,Playa Pelonas,,arana,,,1,2024,ene-24,753.22,9,0,1,0,0,,Emma
DSCN8445,117,7,Playa Pelonas,,arana,,,1,2024,ene-24,2223.3,29,0,1,0,0,,Emma
DSCN8420,119,1,Playa Pelonas,,arana,,,1,2024,ene-24,566.26,7,0,1,0,0,,Emma
DSCN8421,119,2,Playa Pelonas,,arana,,,1,2024,ene-24,508.25,8,1,0,0,0,,Emma
DSCN8422,119,3,Playa Pelonas,,arana,,,1,2024,ene-24,624.96,8,1,0,0,0,,Emma
DSCN8423,119,4,Playa Pelonas,,arana,,,1,2024,ene-24,829.98,6,0,1,0,0,,Emma
DSCN8424,119,5,Playa Pelonas,,arana,,,1,2024,ene-24,479.14,8,2,1,0,0,,Emma
DSCN8425,119,6,Playa Pelonas,,arana,,,1,2024,ene-24,623.87,10,0,1,0,0,,Emma
DSCN8426,119,7,Playa Pelonas,,arana,,,1,2024,ene-24,1824.01,24,1,1,0,0,,Emma
DSCN1704,117,1,Playa Pelonas,,arana,,,11,2023,24-Nov,1759.54,12,0,1,0,0,,Emma
DSCN1705,117,2,Playa Pelonas,,arana,,,11,2023,24-Nov,625.14,12,2,0,1,1,,Emma
DSCN1706,117,3,Playa Pelonas,,arana,,,11,2023,24-Nov,412.74,7,0,1,1,1,,Emma
DSCN1707,117,4,Playa Pelonas,,arana,,,11,2023,24-Nov,869.54,14,2,3,0,1,,Emma
DSCN1708,117,5,Playa Pelonas,,arana,,,11,2023,24-Nov,698.54,11,0,3,0,1,,Emma
DSCN1709,117,6,Playa Pelonas,,arana,,,11,2023,24-Nov,713.71,10,0,3,1,3,,Emma
DSCN1710,117,7,Playa Pelonas,,arana,,,11,2023,24-Nov,1903.86,29,1,2,0,5,,Emma
DSCN1728,119,1,Playa Pelonas,,arana,,,11,2023,24-Nov,477.21,7,0,0,0,4,,Emma
DSCN1729,119,2,Playa Pelonas,,arana,,,11,2023,24-Nov,439.27,8,1,0,0,4,,Emma
DSCN1730,119,3,Playa Pelonas,,arana,,,11,2023,24-Nov,623.15,8,0,0,0,3,,Emma
DSCN1731,119,4,Playa Pelonas,,arana,,,11,2023,24-Nov,790.22,6,0,0,0,1,,Emma
DSCN1732,119,5,Playa Pelonas,,arana,,,11,2023,24-Nov,443.01,8,1,1,0,2,,Emma
DSCN1733,119,6,Playa Pelonas,,arana,,,11,2023,24-Nov,547.62,8,0,0,0,3,,Emma
DSCN1734,119,7,Playa Pelonas,,arana,,,11,2023,24-Nov,2188.22,25,0,1,0,6,,Emma
PA200243,117,1,Playa Pelonas,,arana,,,10,2023,24-Oct,1644.36,12,0,1,0,3,,Emma
PA200244,117,2,Playa Pelonas,,arana,,,10,2023,24-Oct,509.39,12,1,2,1,1,,Emma
PA200245,117,3,Playa Pelonas,,arana,,,10,2023,24-Oct,470.63,7,0,0,1,0,,Emma
PA200246,117,4,Playa Pelonas,,arana,,,10,2023,24-Oct,1165.77,14,0,3,0,2,,Emma
PA200247,117,5,Playa Pelonas,,arana,,,10,2023,24-Oct,637.32,11,0,2,0,1,,Emma
PA200248,117,6,Playa Pelonas,,arana,,,10,2023,24-Oct,661.87,10,0,0,0,0,,Emma
PA200249,117,7,Playa Pelonas,,arana,,,10,2023,24-Oct,1800.42,30,0,1,0,5,,Emma
PA200259,119,1,Playa Pelonas,,arana,,,10,2023,24-Oct,615.99,7,0,0,0,3,,Emma
PA200260,119,2,Playa Pelonas,,arana,,,10,2023,24-Oct,525.46,8,0,1,0,1,,Emma
PA200261,119,3,Playa Pelonas,,arana,,,10,2023,24-Oct,691.5,8,0,1,0,0,,Emma
PA200262,119,4,Playa Pelonas,,arana,,,10,2023,24-Oct,649.53,7,0,0,0,1,,Emma
PA200263,119,5,Playa Pelonas,,arana,,,10,2023,24-Oct,525.18,8,1,1,0,0,,Emma
PA200264,119,6,Playa Pelonas,,arana,,,10,2023,24-Oct,630.67,8,0,0,0,2,,Emma
PA200265,119,7,Playa Pelonas,,arana,,,10,2023,24-Oct,1660.14,25,0,1,0,3,,Emma
P9235283,119,1,Playa Pelonas,,arana,,,9,2023,24-Sep,520.64,7,0,0,0,0,,Emma
P9235284,119,2,Playa Pelonas,,arana,,,9,2023,24-Sep,569.95,8,0,0,0,0,,Emma
P9235285,119,3,Playa Pelonas,,arana,,,9,2023,24-Sep,655.31,8,0,1,0,0,,Emma
P9235286,119,4,Playa Pelonas,,arana,,,9,2023,24-Sep,717.68,7,0,0,0,0,,Emma
P9235287,119,5,Playa Pelonas,,arana,,,9,2023,24-Sep,560.31,8,1,1,0,0,,Emma
P9235288,119,6,Playa Pelonas,,arana,,,9,2023,24-Sep,553.66,8,0,0,0,0,,Emma
P9235289,119,7,Playa Pelonas,,arana,,,9,2023,24-Sep,1367.05,25,0,0,0,0,,Emma
DSCN9396,119,1,Playa Pelonas,,arana,,,8,2023,ago-24,501.82,7,0,0,0,0,,Emma
DSCN9397,119,2,Playa Pelonas,,arana,,,8,2023,ago-24,504.76,8,0,0,0,0,,Emma
DSCN9398,119,3,Playa Pelonas,,arana,,,8,2023,ago-24,627.57,8,0,1,0,0,,Emma
DSCN9399,119,4,Playa Pelonas,,arana,,,8,2023,ago-24,652.05,7,0,0,0,0,,Emma
DSCN9400,119,5,Playa Pelonas,,arana,,,8,2023,ago-24,497.02,8,1,1,0,0,,Emma
DSCN9401,119,6,Playa Pelonas,,arana,,,8,2023,ago-24,524.3,8,0,0,0,0,,Emma
DSCN9402,119,7,Playa Pelonas,,arana,,,8,2023,ago-24,1464.41,25,0,1,0,0,,Emma
DSCN8400,119,1,Playa Pelonas,,arana,,,7,2023,24-Jul,417.33,6,0,0,0,0,,Emma
DSCN8401,119,2,Playa Pelonas,,arana,,,7,2023,24-Jul,435.96,7,0,0,0,0,"un coral en segundo plano podría haber sido contado en el mes siguiente, ya que se mezclaba con los corales en la barra inferior.",Emma
DSCN8402,119,3,Playa Pelonas,,arana,,,7,2023,24-Jul,559.82,7,0,1,0,0,,Emma
DSCN8403,119,4,Playa Pelonas,,arana,,,7,2023,24-Jul,623.42,7,0,0,0,0,,Emma
DSCN8404,119,5,Playa Pelonas,,arana,,,7,2023,24-Jul,446.14,7,1,1,0,0,,Emma
DSCN8405,119,6,Playa Pelonas,,arana,,,7,2023,24-Jul,495.83,7,0,0,0,0,,Emma
DSCN8406,119,7,Playa Pelonas,,arana,,,7,2023,24-Jul,1368.82,25,0,1,0,0,,Emma
DSCN5161,119,1,Playa Pelonas,,arana,,,6,2023,24-Jun,336.29,5,0,0,0,0,,Emma
DSCN5162,119,2,Playa Pelonas,,arana,,,6,2023,24-Jun,442.32,7,0,0,0,0,,Emma
DSCN5163,119,3,Playa Pelonas,,arana,,,6,2023,24-Jun,537.15,7,0,1,0,0,,Emma
DSCN5164,119,4,Playa Pelonas,,arana,,,6,2023,24-Jun,596.19,7,0,0,0,0,,Emma
DSCN5165,119,5,Playa Pelonas,,arana,,,6,2023,24-Jun,482.79,7,1,1,0,0,,Emma
DSCN5167,119,6,Playa Pelonas,,arana,,,6,2023,24-Jun,433.3,7,0,0,0,0,,Emma
DSCN5168,119,7,Playa Pelonas,,arana,,,6,2023,24-Jun,1469.11,25,0,1,0,0,,Emma
P5240126,119,1,Playa Pelonas,,arana,,,5,2023,24-May,357.65,5,0,0,0,0,,Emma
P5240127,119,2,Playa Pelonas,,arana,,,5,2023,24-May,341.66,7,0,0,0,0,,Emma
P5240128,119,3,Playa Pelonas,,arana,,,5,2023,24-May,409.85,7,0,1,0,0,,Emma
P5240129,119,4,Playa Pelonas,,arana,,,5,2023,24-May,434.93,7,0,0,0,0,,Emma
P5240130,119,5,Playa Pelonas,,arana,,,5,2023,24-May,353.12,7,1,1,0,0,,Emma
P5240131,119,6,Playa Pelonas,,arana,,,5,2023,24-May,384.62,7,0,0,0,0,,Emma
P5240132,119,7,Playa Pelonas,,arana,,,5,2023,24-May,1298.99,25,0,0,0,0,,Emma
DSCN3307,119,1,Playa Pelonas,,arana,,,4,2023,abr-24,339.34,5,0,0,0,0,,Emma
DSCN3308,119,2,Playa Pelonas,,arana,,,4,2023,abr-24,409.26,8,1,0,0,0,,Emma
DSCN3309,119,3,Playa Pelonas,,arana,,,4,2023,abr-24,365.11,7,0,1,0,0,,Emma
DSCN3310,119,4,Playa Pelonas,,arana,,,4,2023,abr-24,413.59,7,0,0,0,0,,Emma
DSCN3311,119,5,Playa Pelonas,,arana,,,4,2023,abr-24,415.89,7,1,1,0,0,,Emma
DSCN3312,119,6,Playa Pelonas,,arana,,,4,2023,abr-24,369.97,7,0,0,0,0,,Emma
DSCN3313,119,7,Playa Pelonas,,arana,,,4,2023,abr-24,1143.32,25,0,0,0,0,,Emma
DSCN9418,117,NA,Playa Pelonas,,arana,,,2,2024,24-Feb,NA,NA,NA,NA,NA,NA,Etiqueta arana,Emma
DSCN9419,117,1,Playa Pelonas,,arana,,,2,2024,24-Feb,755.89,11,0,1,0,0,Side,Emma
DSCN9420,117,2,Playa Pelonas,,arana,,,2,2024,24-Feb,527.41,9,0,0,1,0,Side,Emma
DSCN9421,117,3,Playa Pelonas,,arana,,,2,2024,24-Feb,930.45,9,0,0,0,0,Side,Emma
DSCN9422,117,4,Playa Pelonas,,arana,,,2,2024,24-Feb,823.73,12,1,2,0,0,Side,Emma
DSCN9423,117,5,Playa Pelonas,,arana,,,2,2024,24-Feb,611.61,8,0,1,0,0,Side,Emma
DSCN9424,117,6,Playa Pelonas,,arana,,,2,2024,24-Feb,723.95,8,0,0,0,0,Side,Emma
DSCN9425,117,7,Playa Pelonas,,arana,,,2,2024,24-Feb,1313.99,28,0,0,0,0,Top,Emma
DSCN9397,119,NA,Playa Pelonas,,arana,,,2,2024,24-Feb,NA,NA,NA,NA,NA,NA,Etiqueta arana,Emma
DSCN9398,119,1,Playa Pelonas,,arana,,,2,2024,24-Feb,564.32,5,0,0,0,0,Side,Emma
DSCN9399,119,2,Playa Pelonas,,arana,,,2,2024,24-Feb,509.41,8,0,0,0,0,Side,Emma
DSCN9400,119,3,Playa Pelonas,,arana,,,2,2024,24-Feb,833.79,9,0,1,0,0,Side,Emma
DSCN9401,119,4,Playa Pelonas,,arana,,,2,2024,24-Feb,774.66,5,0,0,0,0,Side,Emma
DSCN9402,119,5,Playa Pelonas,,arana,,,2,2024,24-Feb,487.26,8,0,2,0,0,Side,Emma
DSCN9403,119,6,Playa Pelonas,,arana,,,2,2024,24-Feb,605.36,8,0,0,0,0,Side,Emma
DSCN9404,119,7,Playa Pelonas,,arana,,,2,2024,24-Feb,2004.16,24,0,1,0,0,Top,Emma
DSCN0486,117,NA,Playa Pelonas,,arana,,,3,2024,24-Mar,NA,NA,NA,NA,NA,NA,Etiqueta arana,Emma
DSCN0487,117,1,Playa Pelonas,,arana,,,3,2024,24-Mar,762.53,11,0,1,0,0,Side,Emma
DSCN0488,117,2,Playa Pelonas,,arana,,,3,2024,24-Mar,594.68,8,1,0,0,0,Side,Emma
DSCN0489,117,3,Playa Pelonas,,arana,,,3,2024,24-Mar,571.55,6,0,0,0,0,Side,Emma
DSCN0490,117,4,Playa Pelonas,,arana,,,3,2024,24-Mar,1153.46,12,0,2,0,0,Side,Emma
DSCN0491,117,5,Playa Pelonas,,arana,,,3,2024,24-Mar,835.07,10,0,1,0,0,Side,Emma
DSCN0492,117,6,Playa Pelonas,,arana,,,3,2024,24-Mar,658.31,6,0,0,0,0,Side,Emma
DSCN0493,117,7,Playa Pelonas,,arana,,,3,2024,24-Mar,2249.02,27,0,0,0,0,Top,Emma
DSCN0507,119,NA,Playa Pelonas,,arana,,,3,2024,24-Mar,NA,NA,NA,NA,NA,NA,Etiqueta arana,Emma
DSCN0508,119,1,Playa Pelonas,,arana,,,3,2024,24-Mar,3177.33,6,0,1,0,0,Side,Emma
DSCN0509,119,2,Playa Pelonas,,arana,,,3,2024,24-Mar,739.78,8,0,0,0,0,Side,Emma
DSCN0510,119,3,Playa Pelonas,,arana,,,3,2024,24-Mar,889.95,9,0,1,0,0,Side,Emma
DSCN0511,119,4,Playa Pelonas,,arana,,,3,2024,24-Mar,822,6,0,0,0,0,Side,Emma
DSCN0512,119,5,Playa Pelonas,,arana,,,3,2024,24-Mar,532.66,8,0,2,0,0,Side,Emma
DSCN0513,119,6,Playa Pelonas,,arana,,,3,2024,24-Mar,765.9,8,0,0,0,0,Side,Emma
DSCN0515,119,7,Playa Pelonas,,arana,,,3,2024,24-Mar,1640,23,0,0,0,0,Top,Emma
No Photo,119,NA,Playa Pelonas,,arana,,,4,2024,abr-24,NA,NA,NA,NA,NA,NA,Estos datos de abril se tomaron la primera semana de mayo,Emma
DSCN1452,119,1,Playa Pelonas,,arana,,,4,2024,abr-24,899.11,5,0,0,0,0,Side,Emma
DSCN1453,119,2,Playa Pelonas,,arana,,,4,2024,abr-24,672.01,7,0,0,0,0,Side,Emma
DSCN1454,119,3,Playa Pelonas,,arana,,,4,2024,abr-24,906.77,7,0,0,0,0,Side,Emma
DSCN1455,119,4,Playa Pelonas,,arana,,,4,2024,abr-24,1012.45,6,0,0,0,0,Side,Emma
DSCN1456,119,5,Playa Pelonas,,arana,,,4,2024,abr-24,651.89,7,0,0,0,0,Side,Emma
DSCN1457,119,6,Playa Pelonas,,arana,,,4,2024,abr-24,NA,NA,NA,NA,NA,NA,Solo cinco lados con foto,Emma
DSCN1458,119,7,Playa Pelonas,,arana,,,4,2024,abr-24,2909.15,23,0,0,0,0,Top,Emma
DSCN1433,117,NA,Playa Pelonas,,arana,,,4,2024,abr-24,NA,NA,NA,NA,NA,NA,Etiqueta arana,Emma
DSCN1434,117,1,Playa Pelonas,,arana,,,4,2024,abr-24,672.69,8,0,1,0,0,Side,Emma
DSCN1435,117,2,Playa Pelonas,,arana,,,4,2024,abr-24,552.59,7,0,0,0,0,Side,Emma
DSCN1436,117,3,Playa Pelonas,,arana,,,4,2024,abr-24,1096.87,8,1,0,0,0,Side,Emma
DSCN1437,117,4,Playa Pelonas,,arana,,,4,2024,abr-24,1146.04,11,0,2,0,0,Side,Emma
DSCN1438,117,5,Playa Pelonas,,arana,,,4,2024,abr-24,894.11,12,0,3,0,0,Side,Emma
DSCN1439,117,6,Playa Pelonas,,arana,,,4,2024,abr-24,902.57,10,1,0,0,0,Side,Emma
DSCN1440,117,7,Playa Pelonas,,arana,,,4,2024,abr-24,2222.09,24,0,0,0,0,Top,Emma
P6200146,117,1,Playa Pelonas,,arana,,,6,2024,24-Jun,821.02,11,0,0,0,0,Side,Emma
P6200147,117,2,Playa Pelonas,,arana,,,6,2024,24-Jun,772.8,7,0,0,0,0,Side,Emma
P6200148,117,3,Playa Pelonas,,arana,,,6,2024,24-Jun,1070.05,7,0,0,0,0,Side,Emma
P6200149,117,4,Playa Pelonas,,arana,,,6,2024,24-Jun,1538.29,10,0,0,0,0,Side,Emma
P6200150,117,5,Playa Pelonas,,arana,,,6,2024,24-Jun,874.65,7,0,1,0,0,Side,Emma
P6200151,117,6,Playa Pelonas,,arana,,,6,2024,24-Jun,929.68,9,0,0,0,0,Side,Emma
P6200152,117,7,Playa Pelonas,,arana,,,6,2024,24-Jun,2195.995,24,0,0,0,0,Top,Emma
P6200182,119,1,Playa Pelonas,,arana,,,6,2024,24-Jun,1632.09,6,0,0,0,0,Side,Emma
P6200183,119,2,Playa Pelonas,,arana,,,6,2024,24-Jun,890.28,8,0,0,0,0,Side,Emma
P6200184,119,3,Playa Pelonas,,arana,,,6,2024,24-Jun,925.44,8,0,0,0,0,Side,Emma
P6200185,119,4,Playa Pelonas,,arana,,,6,2024,24-Jun,862.97,7,0,0,0,0,Side,Emma
P6200186,119,5,Playa Pelonas,,arana,,,6,2024,24-Jun,881.47,7,0,0,0,0,Side,Emma
P6200187,119,6,Playa Pelonas,,arana,,,6,2024,24-Jun,1253.82,8,0,0,0,0,Side,Emma
P6200188,119,7,Playa Pelonas,,arana,,,6,2024,24-Jun,1997.46,23,0,0,0,0,Top,Emma
